date,semantic_categories,num_classes,vectorize_technique,vectorization_hyperparameters,path_vectorization,model_name,model_hyperparameters,accuracy,loss,precision_train,recall_train,f1_train,precision_test,recall_test,f1_test,days_pw,days_ow
2025-06-30 17:38:24,"['Disease or Syndrome', 'icd']",2,keras-vectorizer,"{'max_tokens': 1000, 'max_len': 30, 'vectorize_technique': 'other-sequence'}",/zine/data/salud/vih_phepipe/tokens/20250630_173824,lstm_v49.h5,"{'embedding_dim': 100, 'block_layers': 1, 'hidden_units': 64, 'learning_rate': 0.001, 'epochs': 30, 'batch_size': 128}",0.9395604133605957,0.21361733973026276,0.984,0.869,0.923,1.0,0.879,0.936,180,730
2025-06-30 17:38:24,"['Disease or Syndrome', 'icd']",2,keras-vectorizer,"{'max_tokens': 1000, 'max_len': 30, 'vectorize_technique': 'other-sequence'}",/zine/data/salud/vih_phepipe/tokens/20250630_173824,lstm_v50.h5,"{'embedding_dim': 200, 'block_layers': 1, 'hidden_units': 64, 'learning_rate': 0.001, 'epochs': 30, 'batch_size': 128}",0.9945054650306702,0.022410007193684578,0.995,0.986,0.991,1.0,0.989,0.994,180,730
2025-06-30 17:38:24,"['Disease or Syndrome', 'icd']",2,keras-vectorizer,"{'max_tokens': 1000, 'max_len': 30, 'vectorize_technique': 'other-sequence'}",/zine/data/salud/vih_phepipe/tokens/20250630_173824,lstm_v51.h5,"{'embedding_dim': 300, 'block_layers': 1, 'hidden_units': 64, 'learning_rate': 0.001, 'epochs': 30, 'batch_size': 128}",0.9945054650306702,0.011202792637050152,0.977,0.991,0.984,0.989,1.0,0.995,180,730
2025-06-30 17:38:24,"['Disease or Syndrome', 'icd']",2,keras-vectorizer,"{'max_tokens': 1000, 'max_len': 30, 'vectorize_technique': 'other-sequence'}",/zine/data/salud/vih_phepipe/tokens/20250630_173824,lstm_v52.h5,"{'embedding_dim': 400, 'block_layers': 1, 'hidden_units': 64, 'learning_rate': 0.001, 'epochs': 30, 'batch_size': 128}",0.9780219793319702,0.0863291323184967,0.959,0.977,0.967,0.968,0.989,0.978,180,730
2025-06-30 17:38:24,"['Disease or Syndrome', 'icd']",2,keras-vectorizer,"{'max_tokens': 1000, 'max_len': 30, 'vectorize_technique': 'other-sequence'}",/zine/data/salud/vih_phepipe/tokens/20250630_173824,lstm_v53.h5,"{'embedding_dim': 500, 'block_layers': 1, 'hidden_units': 64, 'learning_rate': 0.001, 'epochs': 30, 'batch_size': 128}",0.9615384340286255,0.09623512625694275,0.985,0.934,0.959,1.0,0.923,0.96,180,730
2025-06-30 17:38:24,"['Disease or Syndrome', 'icd']",2,keras-vectorizer,"{'max_tokens': 1000, 'max_len': 30, 'vectorize_technique': 'other-sequence'}",/zine/data/salud/vih_phepipe/tokens/20250630_173824,lstm_v54.h5,"{'embedding_dim': 600, 'block_layers': 1, 'hidden_units': 64, 'learning_rate': 0.001, 'epochs': 30, 'batch_size': 128}",0.9945054650306702,0.038412876427173615,1.0,0.972,0.986,1.0,0.989,0.994,180,730
2025-06-30 17:38:24,"['Disease or Syndrome', 'icd']",2,keras-vectorizer,"{'max_tokens': 1000, 'max_len': 30, 'vectorize_technique': 'other-sequence'}",/zine/data/salud/vih_phepipe/tokens/20250630_173824,lstm_v55.h5,"{'embedding_dim': 700, 'block_layers': 1, 'hidden_units': 64, 'learning_rate': 0.001, 'epochs': 30, 'batch_size': 128}",0.9890109896659851,0.061001043766736984,0.976,0.972,0.974,0.989,0.989,0.989,180,730
2025-06-30 17:38:24,"['Disease or Syndrome', 'icd']",2,keras-vectorizer,"{'max_tokens': 1000, 'max_len': 30, 'vectorize_technique': 'other-sequence'}",/zine/data/salud/vih_phepipe/tokens/20250630_173824,lstm_v56.h5,"{'embedding_dim': 800, 'block_layers': 1, 'hidden_units': 64, 'learning_rate': 0.001, 'epochs': 30, 'batch_size': 128}",0.9890109896659851,0.019560357555747032,0.995,0.977,0.986,1.0,0.978,0.989,180,730
2025-06-30 17:45:13,"['Disease or Syndrome', 'icd']",2,keras-vectorizer,"{'max_tokens': 1000, 'max_len': 30, 'vectorize_technique': 'other-sequence'}",/zine/data/salud/vih_phepipe/tokens/20250630_174513,lstm_v57.h5,"{'embedding_dim': 100, 'block_layers': 1, 'hidden_units': 64, 'learning_rate': 0.001, 'epochs': 30, 'batch_size': 128}",0.9780219793319702,0.05082273855805397,0.986,0.962,0.974,0.989,0.967,0.978,180,730
2025-06-30 17:45:13,"['Disease or Syndrome', 'icd']",2,keras-vectorizer,"{'max_tokens': 1000, 'max_len': 30, 'vectorize_technique': 'other-sequence'}",/zine/data/salud/vih_phepipe/tokens/20250630_174513,lstm_v58.h5,"{'embedding_dim': 200, 'block_layers': 1, 'hidden_units': 64, 'learning_rate': 0.001, 'epochs': 30, 'batch_size': 128}",0.9670329689979553,0.2113145887851715,0.945,0.972,0.958,0.957,0.978,0.967,180,730
2025-06-30 17:45:13,"['Disease or Syndrome', 'icd']",2,keras-vectorizer,"{'max_tokens': 1000, 'max_len': 30, 'vectorize_technique': 'other-sequence'}",/zine/data/salud/vih_phepipe/tokens/20250630_174513,lstm_v59.h5,"{'embedding_dim': 300, 'block_layers': 1, 'hidden_units': 64, 'learning_rate': 0.001, 'epochs': 30, 'batch_size': 128}",0.9450549483299255,0.19221945106983185,0.923,0.901,0.912,0.976,0.912,0.943,180,730
2025-06-30 17:45:13,"['Disease or Syndrome', 'icd']",2,keras-vectorizer,"{'max_tokens': 1000, 'max_len': 30, 'vectorize_technique': 'other-sequence'}",/zine/data/salud/vih_phepipe/tokens/20250630_174513,lstm_v60.h5,"{'embedding_dim': 400, 'block_layers': 1, 'hidden_units': 64, 'learning_rate': 0.001, 'epochs': 30, 'batch_size': 128}",0.9835164546966553,0.06049513444304466,0.99,0.967,0.979,1.0,0.967,0.983,180,730
2025-06-30 17:45:13,"['Disease or Syndrome', 'icd']",2,keras-vectorizer,"{'max_tokens': 1000, 'max_len': 30, 'vectorize_technique': 'other-sequence'}",/zine/data/salud/vih_phepipe/tokens/20250630_174513,lstm_v61.h5,"{'embedding_dim': 500, 'block_layers': 1, 'hidden_units': 64, 'learning_rate': 0.001, 'epochs': 30, 'batch_size': 128}",0.9505494236946106,0.25820156931877136,0.94,0.883,0.91,0.977,0.923,0.949,180,730
2025-06-30 17:45:13,"['Disease or Syndrome', 'icd']",2,keras-vectorizer,"{'max_tokens': 1000, 'max_len': 30, 'vectorize_technique': 'other-sequence'}",/zine/data/salud/vih_phepipe/tokens/20250630_174513,lstm_v62.h5,"{'embedding_dim': 600, 'block_layers': 1, 'hidden_units': 64, 'learning_rate': 0.001, 'epochs': 30, 'batch_size': 128}",0.9670329689979553,0.12433116137981415,0.975,0.901,0.937,1.0,0.934,0.966,180,730
2025-06-30 17:45:13,"['Disease or Syndrome', 'icd']",2,keras-vectorizer,"{'max_tokens': 1000, 'max_len': 30, 'vectorize_technique': 'other-sequence'}",/zine/data/salud/vih_phepipe/tokens/20250630_174513,lstm_v63.h5,"{'embedding_dim': 700, 'block_layers': 1, 'hidden_units': 64, 'learning_rate': 0.001, 'epochs': 30, 'batch_size': 128}",0.9725274443626404,0.10331684350967407,0.967,0.953,0.96,0.989,0.956,0.972,180,730
2025-06-30 17:45:13,"['Disease or Syndrome', 'icd']",2,keras-vectorizer,"{'max_tokens': 1000, 'max_len': 30, 'vectorize_technique': 'other-sequence'}",/zine/data/salud/vih_phepipe/tokens/20250630_174513,lstm_v64.h5,"{'embedding_dim': 800, 'block_layers': 1, 'hidden_units': 64, 'learning_rate': 0.001, 'epochs': 30, 'batch_size': 128}",0.9890109896659851,0.034991033375263214,0.99,0.977,0.983,1.0,0.978,0.989,180,730
2025-06-30 17:45:13,"['Disease or Syndrome', 'icd']",2,keras-vectorizer,"{'max_tokens': 1000, 'max_len': 30, 'vectorize_technique': 'other-sequence'}",/zine/data/salud/vih_phepipe//tokens/20250630_174513,attention_v65.h5,"{'embedding_dim': 100, 'units': 64, 'dropout': 0.2, 'epochs': 30, 'batch_size': 128}",0.5054945349693298,0.7016911506652832,0.0,0.0,0.0,0.0,0.0,0.0,180,730
2025-06-30 17:45:13,"['Disease or Syndrome', 'icd']",2,keras-vectorizer,"{'max_tokens': 1000, 'max_len': 30, 'vectorize_technique': 'other-sequence'}",/zine/data/salud/vih_phepipe//tokens/20250630_174513,attention_v66.h5,"{'embedding_dim': 200, 'units': 64, 'dropout': 0.2, 'epochs': 30, 'batch_size': 128}",0.9945054650306702,0.030870139598846436,0.995,0.991,0.993,1.0,0.989,0.994,180,730
2025-06-30 17:45:13,"['Disease or Syndrome', 'icd']",2,keras-vectorizer,"{'max_tokens': 1000, 'max_len': 30, 'vectorize_technique': 'other-sequence'}",/zine/data/salud/vih_phepipe//tokens/20250630_174513,attention_v67.h5,"{'embedding_dim': 300, 'units': 64, 'dropout': 0.2, 'epochs': 30, 'batch_size': 128}",0.9945054650306702,0.03495026007294655,0.991,0.986,0.988,1.0,0.989,0.994,180,730
2025-06-30 17:45:13,"['Disease or Syndrome', 'icd']",2,keras-vectorizer,"{'max_tokens': 1000, 'max_len': 30, 'vectorize_technique': 'other-sequence'}",/zine/data/salud/vih_phepipe//tokens/20250630_174513,attention_v68.h5,"{'embedding_dim': 400, 'units': 64, 'dropout': 0.2, 'epochs': 30, 'batch_size': 128}",0.9945054650306702,0.035868652164936066,1.0,0.981,0.991,1.0,0.989,0.994,180,730
2025-06-30 17:45:13,"['Disease or Syndrome', 'icd']",2,keras-vectorizer,"{'max_tokens': 1000, 'max_len': 30, 'vectorize_technique': 'other-sequence'}",/zine/data/salud/vih_phepipe//tokens/20250630_174513,attention_v69.h5,"{'embedding_dim': 500, 'units': 64, 'dropout': 0.2, 'epochs': 30, 'batch_size': 128}",0.9890109896659851,0.049163781106472015,0.995,0.991,0.993,1.0,0.989,0.994,180,730
2025-06-30 17:45:13,"['Disease or Syndrome', 'icd']",2,keras-vectorizer,"{'max_tokens': 1000, 'max_len': 30, 'vectorize_technique': 'other-sequence'}",/zine/data/salud/vih_phepipe//tokens/20250630_174513,attention_v70.h5,"{'embedding_dim': 600, 'units': 64, 'dropout': 0.2, 'epochs': 30, 'batch_size': 128}",0.9890109896659851,0.055674824863672256,1.0,0.977,0.988,1.0,0.978,0.989,180,730
2025-06-30 17:45:13,"['Disease or Syndrome', 'icd']",2,keras-vectorizer,"{'max_tokens': 1000, 'max_len': 30, 'vectorize_technique': 'other-sequence'}",/zine/data/salud/vih_phepipe//tokens/20250630_174513,attention_v71.h5,"{'embedding_dim': 700, 'units': 64, 'dropout': 0.2, 'epochs': 30, 'batch_size': 128}",0.9890109896659851,0.05781758576631546,0.986,0.981,0.984,0.989,0.989,0.989,180,730
2025-06-30 17:45:13,"['Disease or Syndrome', 'icd']",2,keras-vectorizer,"{'max_tokens': 1000, 'max_len': 30, 'vectorize_technique': 'other-sequence'}",/zine/data/salud/vih_phepipe//tokens/20250630_174513,attention_v72.h5,"{'embedding_dim': 800, 'units': 64, 'dropout': 0.2, 'epochs': 30, 'batch_size': 128}",0.9780219793319702,0.11183393746614456,0.995,0.972,0.983,0.989,0.978,0.983,180,730
2025-06-30 17:54:22,"['Disease or Syndrome', 'icd']",2,keras-vectorizer,"{'max_tokens': 1000, 'max_len': 30, 'vectorize_technique': 'other-sequence'}",/zine/data/salud/vih_phepipe/tokens/20250630_175422,lstm_v73.h5,"{'embedding_dim': 100, 'block_layers': 1, 'hidden_units': 64, 'learning_rate': 0.001, 'epochs': 30, 'batch_size': 128}",0.9890109896659851,0.02312234230339527,0.977,0.977,0.977,1.0,0.978,0.989,180,730
2025-06-30 17:54:22,"['Disease or Syndrome', 'icd']",2,keras-vectorizer,"{'max_tokens': 1000, 'max_len': 30, 'vectorize_technique': 'other-sequence'}",/zine/data/salud/vih_phepipe/tokens/20250630_175422,lstm_v74.h5,"{'embedding_dim': 200, 'block_layers': 1, 'hidden_units': 64, 'learning_rate': 0.001, 'epochs': 30, 'batch_size': 128}",0.9835164546966553,0.07721124589443207,0.981,0.962,0.972,1.0,0.967,0.983,180,730
2025-06-30 17:54:22,"['Disease or Syndrome', 'icd']",2,keras-vectorizer,"{'max_tokens': 1000, 'max_len': 30, 'vectorize_technique': 'other-sequence'}",/zine/data/salud/vih_phepipe/tokens/20250630_175422,lstm_v75.h5,"{'embedding_dim': 300, 'block_layers': 1, 'hidden_units': 64, 'learning_rate': 0.001, 'epochs': 30, 'batch_size': 128}",0.9945054650306702,0.04324539378285408,0.99,0.972,0.981,1.0,0.989,0.994,180,730
2025-06-30 17:54:22,"['Disease or Syndrome', 'icd']",2,keras-vectorizer,"{'max_tokens': 1000, 'max_len': 30, 'vectorize_technique': 'other-sequence'}",/zine/data/salud/vih_phepipe/tokens/20250630_175422,lstm_v76.h5,"{'embedding_dim': 400, 'block_layers': 1, 'hidden_units': 64, 'learning_rate': 0.001, 'epochs': 30, 'batch_size': 128}",0.9835164546966553,0.12408705055713654,0.977,0.991,0.984,0.978,0.989,0.984,180,730
2025-06-30 17:54:22,"['Disease or Syndrome', 'icd']",2,keras-vectorizer,"{'max_tokens': 1000, 'max_len': 30, 'vectorize_technique': 'other-sequence'}",/zine/data/salud/vih_phepipe/tokens/20250630_175422,lstm_v77.h5,"{'embedding_dim': 500, 'block_layers': 1, 'hidden_units': 64, 'learning_rate': 0.001, 'epochs': 30, 'batch_size': 128}",0.9835164546966553,0.05165616050362587,0.99,0.972,0.981,0.989,0.978,0.983,180,730
2025-06-30 17:54:22,"['Disease or Syndrome', 'icd']",2,keras-vectorizer,"{'max_tokens': 1000, 'max_len': 30, 'vectorize_technique': 'other-sequence'}",/zine/data/salud/vih_phepipe/tokens/20250630_175422,lstm_v78.h5,"{'embedding_dim': 600, 'block_layers': 1, 'hidden_units': 64, 'learning_rate': 0.001, 'epochs': 30, 'batch_size': 128}",0.9890109896659851,0.028814328834414482,0.99,0.977,0.983,1.0,0.978,0.989,180,730
2025-06-30 17:54:22,"['Disease or Syndrome', 'icd']",2,keras-vectorizer,"{'max_tokens': 1000, 'max_len': 30, 'vectorize_technique': 'other-sequence'}",/zine/data/salud/vih_phepipe/tokens/20250630_175422,lstm_v79.h5,"{'embedding_dim': 700, 'block_layers': 1, 'hidden_units': 64, 'learning_rate': 0.001, 'epochs': 30, 'batch_size': 128}",0.9890109896659851,0.1158890426158905,0.967,0.967,0.967,0.989,0.989,0.989,180,730
2025-06-30 17:54:22,"['Disease or Syndrome', 'icd']",2,keras-vectorizer,"{'max_tokens': 1000, 'max_len': 30, 'vectorize_technique': 'other-sequence'}",/zine/data/salud/vih_phepipe/tokens/20250630_175422,lstm_v80.h5,"{'embedding_dim': 800, 'block_layers': 1, 'hidden_units': 64, 'learning_rate': 0.001, 'epochs': 30, 'batch_size': 128}",1.0,0.004988810047507286,0.991,0.995,0.993,1.0,1.0,1.0,180,730
2025-06-30 17:54:22,"['Disease or Syndrome', 'icd']",2,keras-vectorizer,"{'max_tokens': 1000, 'max_len': 30, 'vectorize_technique': 'other-sequence'}",/zine/data/salud/vih_phepipe//tokens/20250630_175422,attention_v81.h5,"{'embedding_dim': 100, 'units': 64, 'dropout': 0.2, 'epochs': 30, 'batch_size': 128}",1.0,0.00721466401591897,0.995,0.995,0.995,1.0,1.0,1.0,180,730
2025-06-30 17:54:22,"['Disease or Syndrome', 'icd']",2,keras-vectorizer,"{'max_tokens': 1000, 'max_len': 30, 'vectorize_technique': 'other-sequence'}",/zine/data/salud/vih_phepipe//tokens/20250630_175422,attention_v82.h5,"{'embedding_dim': 200, 'units': 64, 'dropout': 0.2, 'epochs': 30, 'batch_size': 128}",1.0,0.0034282829146832228,0.995,0.995,0.995,1.0,1.0,1.0,180,730
2025-06-30 17:54:22,"['Disease or Syndrome', 'icd']",2,keras-vectorizer,"{'max_tokens': 1000, 'max_len': 30, 'vectorize_technique': 'other-sequence'}",/zine/data/salud/vih_phepipe//tokens/20250630_175422,attention_v83.h5,"{'embedding_dim': 300, 'units': 64, 'dropout': 0.2, 'epochs': 30, 'batch_size': 128}",0.9890109896659851,0.041236042976379395,0.995,0.991,0.993,1.0,0.989,0.994,180,730
2025-06-30 17:54:22,"['Disease or Syndrome', 'icd']",2,keras-vectorizer,"{'max_tokens': 1000, 'max_len': 30, 'vectorize_technique': 'other-sequence'}",/zine/data/salud/vih_phepipe//tokens/20250630_175422,attention_v84.h5,"{'embedding_dim': 400, 'units': 64, 'dropout': 0.2, 'epochs': 30, 'batch_size': 128}",0.9890109896659851,0.050494272261857986,0.995,0.986,0.991,1.0,0.978,0.989,180,730
2025-06-30 17:54:22,"['Disease or Syndrome', 'icd']",2,keras-vectorizer,"{'max_tokens': 1000, 'max_len': 30, 'vectorize_technique': 'other-sequence'}",/zine/data/salud/vih_phepipe//tokens/20250630_175422,attention_v85.h5,"{'embedding_dim': 500, 'units': 64, 'dropout': 0.2, 'epochs': 30, 'batch_size': 128}",1.0,0.004652474075555801,1.0,0.991,0.995,1.0,1.0,1.0,180,730
2025-06-30 17:54:22,"['Disease or Syndrome', 'icd']",2,keras-vectorizer,"{'max_tokens': 1000, 'max_len': 30, 'vectorize_technique': 'other-sequence'}",/zine/data/salud/vih_phepipe//tokens/20250630_175422,attention_v86.h5,"{'embedding_dim': 600, 'units': 64, 'dropout': 0.2, 'epochs': 30, 'batch_size': 128}",0.9450549483299255,0.141323059797287,1.0,0.878,0.935,1.0,0.89,0.942,180,730
2025-06-30 17:54:22,"['Disease or Syndrome', 'icd']",2,keras-vectorizer,"{'max_tokens': 1000, 'max_len': 30, 'vectorize_technique': 'other-sequence'}",/zine/data/salud/vih_phepipe//tokens/20250630_175422,attention_v87.h5,"{'embedding_dim': 700, 'units': 64, 'dropout': 0.2, 'epochs': 30, 'batch_size': 128}",0.9945054650306702,0.030199352651834488,0.995,0.991,0.993,1.0,0.989,0.994,180,730
2025-06-30 17:54:22,"['Disease or Syndrome', 'icd']",2,keras-vectorizer,"{'max_tokens': 1000, 'max_len': 30, 'vectorize_technique': 'other-sequence'}",/zine/data/salud/vih_phepipe//tokens/20250630_175422,attention_v88.h5,"{'embedding_dim': 800, 'units': 64, 'dropout': 0.2, 'epochs': 30, 'batch_size': 128}",0.9890109896659851,0.04028231278061867,1.0,0.972,0.986,1.0,0.978,0.989,180,730
2025-06-30 17:54:22,"['Disease or Syndrome', 'icd']",2,one-hot,"{'max_len': 30, 'n_feature': 578}",/zine/data/salud/vih_phepipe/tokens/20250630_175422,logistic_v4.pkl,"{'penalties': 'l2', 'max_iter': 1000}",0.5,N/A,0.0,0.0,0.0,0.0,0.0,0.0,180,730
2025-07-01 03:26:31,"['', 'icd']",2,keras-vectorizer,"{'max_tokens': 1000, 'max_len': 180, 'vectorize_technique': 'other-sequence'}",/zine/data/salud/vih_phepipe/tokens/20250701_032631,lstm_v89.h5,"{'embedding_dim': 100, 'block_layers': 1, 'hidden_units': 64, 'learning_rate': 0.001, 'epochs': 30, 'batch_size': 128}",0.5,0.7068042159080505,0.0,0.0,0.0,0.0,0.0,0.0,180,180
2025-07-01 03:26:31,"['', 'icd']",2,keras-vectorizer,"{'max_tokens': 1000, 'max_len': 180, 'vectorize_technique': 'other-sequence'}",/zine/data/salud/vih_phepipe/tokens/20250701_032631,lstm_v90.h5,"{'embedding_dim': 200, 'block_layers': 1, 'hidden_units': 64, 'learning_rate': 0.001, 'epochs': 30, 'batch_size': 128}",0.5,nan,0.0,0.0,0.0,0.0,0.0,0.0,180,180
2025-07-01 03:26:31,"['', 'icd']",2,keras-vectorizer,"{'max_tokens': 1000, 'max_len': 180, 'vectorize_technique': 'other-sequence'}",/zine/data/salud/vih_phepipe/tokens/20250701_032631,lstm_v91.h5,"{'embedding_dim': 300, 'block_layers': 1, 'hidden_units': 64, 'learning_rate': 0.001, 'epochs': 30, 'batch_size': 128}",0.9366196990013123,0.19803956151008606,0.943,0.925,0.934,0.97,0.901,0.934,180,180
2025-07-01 03:26:31,"['', 'icd']",2,keras-vectorizer,"{'max_tokens': 1000, 'max_len': 180, 'vectorize_technique': 'other-sequence'}",/zine/data/salud/vih_phepipe/tokens/20250701_032631,lstm_v92.h5,"{'embedding_dim': 400, 'block_layers': 1, 'hidden_units': 64, 'learning_rate': 0.001, 'epochs': 30, 'batch_size': 128}",0.5,nan,0.0,0.0,0.0,0.0,0.0,0.0,180,180
2025-07-01 03:26:31,"['', 'icd']",2,keras-vectorizer,"{'max_tokens': 1000, 'max_len': 180, 'vectorize_technique': 'other-sequence'}",/zine/data/salud/vih_phepipe/tokens/20250701_032631,lstm_v93.h5,"{'embedding_dim': 500, 'block_layers': 1, 'hidden_units': 64, 'learning_rate': 0.001, 'epochs': 30, 'batch_size': 128}",0.9366196990013123,0.20665280520915985,0.938,0.932,0.935,0.97,0.901,0.934,180,180
2025-07-01 03:30:10,"['', 'icd']",2,keras-vectorizer,"{'max_tokens': 1000, 'max_len': 365, 'vectorize_technique': 'other-sequence'}",/zine/data/salud/vih_phepipe/tokens/20250701_033010,lstm_v94.h5,"{'embedding_dim': 100, 'block_layers': 1, 'hidden_units': 64, 'learning_rate': 0.001, 'epochs': 30, 'batch_size': 128}",0.5,nan,0.0,0.0,0.0,0.0,0.0,0.0,180,365
2025-07-01 03:26:31,"['', 'icd']",2,keras-vectorizer,"{'max_tokens': 1000, 'max_len': 180, 'vectorize_technique': 'other-sequence'}",/zine/data/salud/vih_phepipe/tokens/20250701_032631,lstm_v95.h5,"{'embedding_dim': 600, 'block_layers': 1, 'hidden_units': 64, 'learning_rate': 0.001, 'epochs': 30, 'batch_size': 128}",0.9366196990013123,0.16980907320976257,0.949,0.919,0.934,0.984,0.887,0.933,180,180
2025-07-01 03:26:31,"['', 'icd']",2,keras-vectorizer,"{'max_tokens': 1000, 'max_len': 180, 'vectorize_technique': 'other-sequence'}",/zine/data/salud/vih_phepipe/tokens/20250701_032631,lstm_v96.h5,"{'embedding_dim': 700, 'block_layers': 1, 'hidden_units': 64, 'learning_rate': 0.001, 'epochs': 30, 'batch_size': 128}",0.5,nan,0.0,0.0,0.0,0.0,0.0,0.0,180,180
2025-07-01 03:30:10,"['', 'icd']",2,keras-vectorizer,"{'max_tokens': 1000, 'max_len': 365, 'vectorize_technique': 'other-sequence'}",/zine/data/salud/vih_phepipe/tokens/20250701_033010,lstm_v97.h5,"{'embedding_dim': 200, 'block_layers': 1, 'hidden_units': 64, 'learning_rate': 0.001, 'epochs': 30, 'batch_size': 128}",0.5,nan,0.0,0.0,0.0,0.0,0.0,0.0,180,365
2025-07-01 03:31:54,"['', 'icd']",2,keras-vectorizer,"{'max_tokens': 1000, 'max_len': 545, 'vectorize_technique': 'other-sequence'}",/zine/data/salud/vih_phepipe/tokens/20250701_033154,lstm_v98.h5,"{'embedding_dim': 100, 'block_layers': 1, 'hidden_units': 64, 'learning_rate': 0.001, 'epochs': 30, 'batch_size': 128}",0.5,nan,0.0,0.0,0.0,0.0,0.0,0.0,180,545
2025-07-01 03:26:31,"['', 'icd']",2,keras-vectorizer,"{'max_tokens': 1000, 'max_len': 180, 'vectorize_technique': 'other-sequence'}",/zine/data/salud/vih_phepipe/tokens/20250701_032631,lstm_v99.h5,"{'embedding_dim': 800, 'block_layers': 1, 'hidden_units': 64, 'learning_rate': 0.001, 'epochs': 30, 'batch_size': 128}",0.9366196990013123,0.16672588884830475,0.943,0.932,0.938,0.97,0.901,0.934,180,180
2025-07-01 03:30:10,"['', 'icd']",2,keras-vectorizer,"{'max_tokens': 1000, 'max_len': 365, 'vectorize_technique': 'other-sequence'}",/zine/data/salud/vih_phepipe/tokens/20250701_033010,lstm_v100.h5,"{'embedding_dim': 300, 'block_layers': 1, 'hidden_units': 64, 'learning_rate': 0.001, 'epochs': 30, 'batch_size': 128}",0.5,nan,0.0,0.0,0.0,0.0,0.0,0.0,180,365
2025-07-01 03:26:31,"['', 'icd']",2,keras-vectorizer,"{'max_tokens': 1000, 'max_len': 180, 'vectorize_technique': 'other-sequence'}",/zine/data/salud/vih_phepipe//tokens/20250701_032631,attention_v101.h5,"{'embedding_dim': 100, 'units': 64, 'dropout': 0.2, 'epochs': 30, 'batch_size': 128}",0.5,0.7330383062362671,0.0,0.0,0.0,0.0,0.0,0.0,180,180
2025-07-01 03:26:31,"['', 'icd']",2,keras-vectorizer,"{'max_tokens': 1000, 'max_len': 180, 'vectorize_technique': 'other-sequence'}",/zine/data/salud/vih_phepipe//tokens/20250701_032631,attention_v102.h5,"{'embedding_dim': 200, 'units': 64, 'dropout': 0.2, 'epochs': 30, 'batch_size': 128}",0.5,0.7310962080955505,0.0,0.0,0.0,0.0,0.0,0.0,180,180
2025-07-01 03:31:54,"['', 'icd']",2,keras-vectorizer,"{'max_tokens': 1000, 'max_len': 545, 'vectorize_technique': 'other-sequence'}",/zine/data/salud/vih_phepipe/tokens/20250701_033154,lstm_v103.h5,"{'embedding_dim': 200, 'block_layers': 1, 'hidden_units': 64, 'learning_rate': 0.001, 'epochs': 30, 'batch_size': 128}",0.5,nan,0.0,0.0,0.0,0.0,0.0,0.0,180,545
2025-07-01 03:30:10,"['', 'icd']",2,keras-vectorizer,"{'max_tokens': 1000, 'max_len': 365, 'vectorize_technique': 'other-sequence'}",/zine/data/salud/vih_phepipe/tokens/20250701_033010,lstm_v104.h5,"{'embedding_dim': 400, 'block_layers': 1, 'hidden_units': 64, 'learning_rate': 0.001, 'epochs': 30, 'batch_size': 128}",0.5,nan,0.0,0.0,0.0,0.0,0.0,0.0,180,365
2025-07-01 03:26:31,"['', 'icd']",2,keras-vectorizer,"{'max_tokens': 1000, 'max_len': 180, 'vectorize_technique': 'other-sequence'}",/zine/data/salud/vih_phepipe//tokens/20250701_032631,attention_v105.h5,"{'embedding_dim': 300, 'units': 64, 'dropout': 0.2, 'epochs': 30, 'batch_size': 128}",0.5,0.7277987003326416,0.0,0.0,0.0,0.0,0.0,0.0,180,180
2025-07-01 03:26:31,"['', 'icd']",2,keras-vectorizer,"{'max_tokens': 1000, 'max_len': 180, 'vectorize_technique': 'other-sequence'}",/zine/data/salud/vih_phepipe//tokens/20250701_032631,attention_v106.h5,"{'embedding_dim': 400, 'units': 64, 'dropout': 0.2, 'epochs': 30, 'batch_size': 128}",0.5,0.7272105813026428,0.0,0.0,0.0,0.0,0.0,0.0,180,180
2025-07-01 03:30:10,"['', 'icd']",2,keras-vectorizer,"{'max_tokens': 1000, 'max_len': 365, 'vectorize_technique': 'other-sequence'}",/zine/data/salud/vih_phepipe/tokens/20250701_033010,lstm_v107.h5,"{'embedding_dim': 500, 'block_layers': 1, 'hidden_units': 64, 'learning_rate': 0.001, 'epochs': 30, 'batch_size': 128}",0.5,nan,0.0,0.0,0.0,0.0,0.0,0.0,180,365
2025-07-01 03:26:31,"['', 'icd']",2,keras-vectorizer,"{'max_tokens': 1000, 'max_len': 180, 'vectorize_technique': 'other-sequence'}",/zine/data/salud/vih_phepipe//tokens/20250701_032631,attention_v108.h5,"{'embedding_dim': 500, 'units': 64, 'dropout': 0.2, 'epochs': 30, 'batch_size': 128}",0.5,0.7259880304336548,0.0,0.0,0.0,0.0,0.0,0.0,180,180
2025-07-01 03:35:07,"['', 'icd']",2,keras-vectorizer,"{'max_tokens': 1000, 'max_len': 730, 'vectorize_technique': 'other-sequence'}",/zine/data/salud/vih_phepipe/tokens/20250701_033507,lstm_v109.h5,"{'embedding_dim': 100, 'block_layers': 1, 'hidden_units': 64, 'learning_rate': 0.001, 'epochs': 30, 'batch_size': 128}",0.5,nan,0.0,0.0,0.0,0.0,0.0,0.0,180,730
2025-07-01 03:26:31,"['', 'icd']",2,keras-vectorizer,"{'max_tokens': 1000, 'max_len': 180, 'vectorize_technique': 'other-sequence'}",/zine/data/salud/vih_phepipe//tokens/20250701_032631,attention_v110.h5,"{'embedding_dim': 600, 'units': 64, 'dropout': 0.2, 'epochs': 30, 'batch_size': 128}",0.5,0.7257499098777771,0.0,0.0,0.0,0.0,0.0,0.0,180,180
2025-07-01 03:31:54,"['', 'icd']",2,keras-vectorizer,"{'max_tokens': 1000, 'max_len': 545, 'vectorize_technique': 'other-sequence'}",/zine/data/salud/vih_phepipe/tokens/20250701_033154,lstm_v111.h5,"{'embedding_dim': 300, 'block_layers': 1, 'hidden_units': 64, 'learning_rate': 0.001, 'epochs': 30, 'batch_size': 128}",0.9444444179534912,0.15520671010017395,0.964,0.909,0.936,0.988,0.9,0.942,180,545
2025-07-01 03:30:10,"['', 'icd']",2,keras-vectorizer,"{'max_tokens': 1000, 'max_len': 365, 'vectorize_technique': 'other-sequence'}",/zine/data/salud/vih_phepipe/tokens/20250701_033010,lstm_v112.h5,"{'embedding_dim': 600, 'block_layers': 1, 'hidden_units': 64, 'learning_rate': 0.001, 'epochs': 30, 'batch_size': 128}",0.5,nan,0.0,0.0,0.0,0.0,0.0,0.0,180,365
2025-07-01 03:26:31,"['', 'icd']",2,keras-vectorizer,"{'max_tokens': 1000, 'max_len': 180, 'vectorize_technique': 'other-sequence'}",/zine/data/salud/vih_phepipe//tokens/20250701_032631,attention_v113.h5,"{'embedding_dim': 700, 'units': 64, 'dropout': 0.2, 'epochs': 30, 'batch_size': 128}",0.5,0.7381259799003601,0.0,0.0,0.0,0.0,0.0,0.0,180,180
2025-07-01 03:35:07,"['', 'icd']",2,keras-vectorizer,"{'max_tokens': 1000, 'max_len': 730, 'vectorize_technique': 'other-sequence'}",/zine/data/salud/vih_phepipe/tokens/20250701_033507,lstm_v114.h5,"{'embedding_dim': 200, 'block_layers': 1, 'hidden_units': 64, 'learning_rate': 0.001, 'epochs': 30, 'batch_size': 128}",0.5,nan,0.0,0.0,0.0,0.0,0.0,0.0,180,730
2025-07-01 03:31:54,"['', 'icd']",2,keras-vectorizer,"{'max_tokens': 1000, 'max_len': 545, 'vectorize_technique': 'other-sequence'}",/zine/data/salud/vih_phepipe/tokens/20250701_033154,lstm_v115.h5,"{'embedding_dim': 400, 'block_layers': 1, 'hidden_units': 64, 'learning_rate': 0.001, 'epochs': 30, 'batch_size': 128}",0.5,nan,0.0,0.0,0.0,0.0,0.0,0.0,180,545
2025-07-01 03:26:31,"['', 'icd']",2,keras-vectorizer,"{'max_tokens': 1000, 'max_len': 180, 'vectorize_technique': 'other-sequence'}",/zine/data/salud/vih_phepipe//tokens/20250701_032631,attention_v116.h5,"{'embedding_dim': 800, 'units': 64, 'dropout': 0.2, 'epochs': 30, 'batch_size': 128}",0.5,0.7404760122299194,0.0,0.0,0.0,0.0,0.0,0.0,180,180
2025-07-01 03:26:31,"['', 'icd']",2,one-hot,"{'max_len': 180, 'n_feature': 420}",/zine/data/salud/vih_phepipe/tokens/20250701_032631,logistic_v5.pkl,"{'penalties': 'l2', 'max_iter': 1000}",0.5140845070422535,N/A,1.0,0.012,0.025,1.0,0.028,0.055,180,180
2025-07-01 03:30:10,"['', 'icd']",2,keras-vectorizer,"{'max_tokens': 1000, 'max_len': 365, 'vectorize_technique': 'other-sequence'}",/zine/data/salud/vih_phepipe/tokens/20250701_033010,lstm_v117.h5,"{'embedding_dim': 700, 'block_layers': 1, 'hidden_units': 64, 'learning_rate': 0.001, 'epochs': 30, 'batch_size': 128}",0.5,nan,0.0,0.0,0.0,0.0,0.0,0.0,180,365
2025-07-01 03:30:10,"['', 'icd']",2,keras-vectorizer,"{'max_tokens': 1000, 'max_len': 365, 'vectorize_technique': 'other-sequence'}",/zine/data/salud/vih_phepipe/tokens/20250701_033010,lstm_v118.h5,"{'embedding_dim': 800, 'block_layers': 1, 'hidden_units': 64, 'learning_rate': 0.001, 'epochs': 30, 'batch_size': 128}",0.5,nan,0.0,0.0,0.0,0.0,0.0,0.0,180,365
2025-07-01 03:35:07,"['', 'icd']",2,keras-vectorizer,"{'max_tokens': 1000, 'max_len': 730, 'vectorize_technique': 'other-sequence'}",/zine/data/salud/vih_phepipe/tokens/20250701_033507,lstm_v119.h5,"{'embedding_dim': 300, 'block_layers': 1, 'hidden_units': 64, 'learning_rate': 0.001, 'epochs': 30, 'batch_size': 128}",0.9780219793319702,0.060189902782440186,0.986,0.981,0.984,1.0,0.956,0.978,180,730
2025-07-01 03:31:54,"['', 'icd']",2,keras-vectorizer,"{'max_tokens': 1000, 'max_len': 545, 'vectorize_technique': 'other-sequence'}",/zine/data/salud/vih_phepipe/tokens/20250701_033154,lstm_v120.h5,"{'embedding_dim': 500, 'block_layers': 1, 'hidden_units': 64, 'learning_rate': 0.001, 'epochs': 30, 'batch_size': 128}",0.9833333492279053,0.033672381192445755,0.967,0.976,0.971,0.989,0.978,0.983,180,545
2025-07-01 03:30:10,"['', 'icd']",2,keras-vectorizer,"{'max_tokens': 1000, 'max_len': 365, 'vectorize_technique': 'other-sequence'}",/zine/data/salud/vih_phepipe//tokens/20250701_033010,attention_v121.h5,"{'embedding_dim': 100, 'units': 64, 'dropout': 0.2, 'epochs': 30, 'batch_size': 128}",0.5,0.7255465388298035,0.0,0.0,0.0,0.0,0.0,0.0,180,365
2025-07-01 03:30:10,"['', 'icd']",2,keras-vectorizer,"{'max_tokens': 1000, 'max_len': 365, 'vectorize_technique': 'other-sequence'}",/zine/data/salud/vih_phepipe//tokens/20250701_033010,attention_v122.h5,"{'embedding_dim': 200, 'units': 64, 'dropout': 0.2, 'epochs': 30, 'batch_size': 128}",0.5,0.7181512713432312,0.0,0.0,0.0,0.0,0.0,0.0,180,365
2025-07-01 03:31:54,"['', 'icd']",2,keras-vectorizer,"{'max_tokens': 1000, 'max_len': 545, 'vectorize_technique': 'other-sequence'}",/zine/data/salud/vih_phepipe/tokens/20250701_033154,lstm_v123.h5,"{'embedding_dim': 600, 'block_layers': 1, 'hidden_units': 64, 'learning_rate': 0.001, 'epochs': 30, 'batch_size': 128}",0.5,nan,0.0,0.0,0.0,0.0,0.0,0.0,180,545
2025-07-01 03:30:10,"['', 'icd']",2,keras-vectorizer,"{'max_tokens': 1000, 'max_len': 365, 'vectorize_technique': 'other-sequence'}",/zine/data/salud/vih_phepipe//tokens/20250701_033010,attention_v124.h5,"{'embedding_dim': 300, 'units': 64, 'dropout': 0.2, 'epochs': 30, 'batch_size': 128}",0.5,0.7364469170570374,0.0,0.0,0.0,0.0,0.0,0.0,180,365
2025-07-01 03:31:54,"['', 'icd']",2,keras-vectorizer,"{'max_tokens': 1000, 'max_len': 545, 'vectorize_technique': 'other-sequence'}",/zine/data/salud/vih_phepipe/tokens/20250701_033154,lstm_v125.h5,"{'embedding_dim': 700, 'block_layers': 1, 'hidden_units': 64, 'learning_rate': 0.001, 'epochs': 30, 'batch_size': 128}",0.5,nan,0.0,0.0,0.0,0.0,0.0,0.0,180,545
2025-07-01 03:35:07,"['', 'icd']",2,keras-vectorizer,"{'max_tokens': 1000, 'max_len': 730, 'vectorize_technique': 'other-sequence'}",/zine/data/salud/vih_phepipe/tokens/20250701_033507,lstm_v126.h5,"{'embedding_dim': 400, 'block_layers': 1, 'hidden_units': 64, 'learning_rate': 0.001, 'epochs': 30, 'batch_size': 128}",0.9615384340286255,0.09237704426050186,0.967,0.962,0.965,0.988,0.934,0.96,180,730
2025-07-01 03:30:10,"['', 'icd']",2,keras-vectorizer,"{'max_tokens': 1000, 'max_len': 365, 'vectorize_technique': 'other-sequence'}",/zine/data/salud/vih_phepipe//tokens/20250701_033010,attention_v127.h5,"{'embedding_dim': 400, 'units': 64, 'dropout': 0.2, 'epochs': 30, 'batch_size': 128}",0.5,0.7274851202964783,0.0,0.0,0.0,0.0,0.0,0.0,180,365
2025-07-01 03:30:10,"['', 'icd']",2,keras-vectorizer,"{'max_tokens': 1000, 'max_len': 365, 'vectorize_technique': 'other-sequence'}",/zine/data/salud/vih_phepipe//tokens/20250701_033010,attention_v128.h5,"{'embedding_dim': 500, 'units': 64, 'dropout': 0.2, 'epochs': 30, 'batch_size': 128}",0.5,0.7262268662452698,0.0,0.0,0.0,0.0,0.0,0.0,180,365
2025-07-01 03:31:54,"['', 'icd']",2,keras-vectorizer,"{'max_tokens': 1000, 'max_len': 545, 'vectorize_technique': 'other-sequence'}",/zine/data/salud/vih_phepipe/tokens/20250701_033154,lstm_v129.h5,"{'embedding_dim': 800, 'block_layers': 1, 'hidden_units': 64, 'learning_rate': 0.001, 'epochs': 30, 'batch_size': 128}",0.5,nan,0.0,0.0,0.0,0.0,0.0,0.0,180,545
2025-07-01 03:35:07,"['', 'icd']",2,keras-vectorizer,"{'max_tokens': 1000, 'max_len': 730, 'vectorize_technique': 'other-sequence'}",/zine/data/salud/vih_phepipe/tokens/20250701_033507,lstm_v130.h5,"{'embedding_dim': 500, 'block_layers': 1, 'hidden_units': 64, 'learning_rate': 0.001, 'epochs': 30, 'batch_size': 128}",0.5,nan,0.0,0.0,0.0,0.0,0.0,0.0,180,730
2025-07-01 03:31:54,"['', 'icd']",2,keras-vectorizer,"{'max_tokens': 1000, 'max_len': 545, 'vectorize_technique': 'other-sequence'}",/zine/data/salud/vih_phepipe//tokens/20250701_033154,attention_v131.h5,"{'embedding_dim': 100, 'units': 64, 'dropout': 0.2, 'epochs': 30, 'batch_size': 128}",0.5,0.7226088047027588,0.0,0.0,0.0,0.0,0.0,0.0,180,545
2025-07-01 03:30:10,"['', 'icd']",2,keras-vectorizer,"{'max_tokens': 1000, 'max_len': 365, 'vectorize_technique': 'other-sequence'}",/zine/data/salud/vih_phepipe//tokens/20250701_033010,attention_v132.h5,"{'embedding_dim': 600, 'units': 64, 'dropout': 0.2, 'epochs': 30, 'batch_size': 128}",0.5,0.7177658677101135,0.0,0.0,0.0,0.0,0.0,0.0,180,365
2025-07-01 03:35:07,"['', 'icd']",2,keras-vectorizer,"{'max_tokens': 1000, 'max_len': 730, 'vectorize_technique': 'other-sequence'}",/zine/data/salud/vih_phepipe/tokens/20250701_033507,lstm_v133.h5,"{'embedding_dim': 600, 'block_layers': 1, 'hidden_units': 64, 'learning_rate': 0.001, 'epochs': 30, 'batch_size': 128}",0.5,nan,0.0,0.0,0.0,0.0,0.0,0.0,180,730
2025-07-01 03:30:10,"['', 'icd']",2,keras-vectorizer,"{'max_tokens': 1000, 'max_len': 365, 'vectorize_technique': 'other-sequence'}",/zine/data/salud/vih_phepipe//tokens/20250701_033010,attention_v134.h5,"{'embedding_dim': 700, 'units': 64, 'dropout': 0.2, 'epochs': 30, 'batch_size': 128}",0.5,0.742743730545044,0.0,0.0,0.0,0.0,0.0,0.0,180,365
2025-07-01 03:31:54,"['', 'icd']",2,keras-vectorizer,"{'max_tokens': 1000, 'max_len': 545, 'vectorize_technique': 'other-sequence'}",/zine/data/salud/vih_phepipe//tokens/20250701_033154,attention_v135.h5,"{'embedding_dim': 200, 'units': 64, 'dropout': 0.2, 'epochs': 30, 'batch_size': 128}",0.5,0.7277052402496338,0.0,0.0,0.0,0.0,0.0,0.0,180,545
2025-07-01 03:35:07,"['', 'icd']",2,keras-vectorizer,"{'max_tokens': 1000, 'max_len': 730, 'vectorize_technique': 'other-sequence'}",/zine/data/salud/vih_phepipe/tokens/20250701_033507,lstm_v136.h5,"{'embedding_dim': 700, 'block_layers': 1, 'hidden_units': 64, 'learning_rate': 0.001, 'epochs': 30, 'batch_size': 128}",0.5,nan,0.0,0.0,0.0,0.0,0.0,0.0,180,730
2025-07-01 03:31:54,"['', 'icd']",2,keras-vectorizer,"{'max_tokens': 1000, 'max_len': 545, 'vectorize_technique': 'other-sequence'}",/zine/data/salud/vih_phepipe//tokens/20250701_033154,attention_v137.h5,"{'embedding_dim': 300, 'units': 64, 'dropout': 0.2, 'epochs': 30, 'batch_size': 128}",0.5,0.7275691628456116,0.0,0.0,0.0,0.0,0.0,0.0,180,545
2025-07-01 03:30:10,"['', 'icd']",2,keras-vectorizer,"{'max_tokens': 1000, 'max_len': 365, 'vectorize_technique': 'other-sequence'}",/zine/data/salud/vih_phepipe//tokens/20250701_033010,attention_v138.h5,"{'embedding_dim': 800, 'units': 64, 'dropout': 0.2, 'epochs': 30, 'batch_size': 128}",0.5,0.7285260558128357,0.0,0.0,0.0,0.0,0.0,0.0,180,365
2025-07-01 03:30:10,"['', 'icd']",2,one-hot,"{'max_len': 365, 'n_feature': 539}",/zine/data/salud/vih_phepipe/tokens/20250701_033010,logistic_v6.pkl,"{'penalties': 'l2', 'max_iter': 1000}",0.5058139534883721,N/A,1.0,0.015,0.029,1.0,0.012,0.023,180,365
2025-07-01 03:31:54,"['', 'icd']",2,keras-vectorizer,"{'max_tokens': 1000, 'max_len': 545, 'vectorize_technique': 'other-sequence'}",/zine/data/salud/vih_phepipe//tokens/20250701_033154,attention_v139.h5,"{'embedding_dim': 400, 'units': 64, 'dropout': 0.2, 'epochs': 30, 'batch_size': 128}",0.5,0.7311270236968994,0.0,0.0,0.0,0.0,0.0,0.0,180,545
2025-07-01 03:35:07,"['', 'icd']",2,keras-vectorizer,"{'max_tokens': 1000, 'max_len': 730, 'vectorize_technique': 'other-sequence'}",/zine/data/salud/vih_phepipe/tokens/20250701_033507,lstm_v140.h5,"{'embedding_dim': 800, 'block_layers': 1, 'hidden_units': 64, 'learning_rate': 0.001, 'epochs': 30, 'batch_size': 128}",0.5,nan,0.0,0.0,0.0,0.0,0.0,0.0,180,730
2025-07-01 03:31:54,"['', 'icd']",2,keras-vectorizer,"{'max_tokens': 1000, 'max_len': 545, 'vectorize_technique': 'other-sequence'}",/zine/data/salud/vih_phepipe//tokens/20250701_033154,attention_v141.h5,"{'embedding_dim': 500, 'units': 64, 'dropout': 0.2, 'epochs': 30, 'batch_size': 128}",0.5,0.7195179462432861,0.0,0.0,0.0,0.0,0.0,0.0,180,545
2025-07-01 03:35:07,"['', 'icd']",2,keras-vectorizer,"{'max_tokens': 1000, 'max_len': 730, 'vectorize_technique': 'other-sequence'}",/zine/data/salud/vih_phepipe//tokens/20250701_033507,attention_v142.h5,"{'embedding_dim': 100, 'units': 64, 'dropout': 0.2, 'epochs': 30, 'batch_size': 128}",0.5,0.7251129150390625,0.0,0.0,0.0,0.0,0.0,0.0,180,730
2025-07-01 03:31:54,"['', 'icd']",2,keras-vectorizer,"{'max_tokens': 1000, 'max_len': 545, 'vectorize_technique': 'other-sequence'}",/zine/data/salud/vih_phepipe//tokens/20250701_033154,attention_v143.h5,"{'embedding_dim': 600, 'units': 64, 'dropout': 0.2, 'epochs': 30, 'batch_size': 128}",0.5,0.7317208051681519,0.0,0.0,0.0,0.0,0.0,0.0,180,545
2025-07-01 03:35:07,"['', 'icd']",2,keras-vectorizer,"{'max_tokens': 1000, 'max_len': 730, 'vectorize_technique': 'other-sequence'}",/zine/data/salud/vih_phepipe//tokens/20250701_033507,attention_v144.h5,"{'embedding_dim': 200, 'units': 64, 'dropout': 0.2, 'epochs': 30, 'batch_size': 128}",0.5,0.719790518283844,0.0,0.0,0.0,0.0,0.0,0.0,180,730
2025-07-01 03:31:54,"['', 'icd']",2,keras-vectorizer,"{'max_tokens': 1000, 'max_len': 545, 'vectorize_technique': 'other-sequence'}",/zine/data/salud/vih_phepipe//tokens/20250701_033154,attention_v145.h5,"{'embedding_dim': 700, 'units': 64, 'dropout': 0.2, 'epochs': 30, 'batch_size': 128}",0.5,0.7261896133422852,0.0,0.0,0.0,0.0,0.0,0.0,180,545
2025-07-01 03:31:54,"['', 'icd']",2,keras-vectorizer,"{'max_tokens': 1000, 'max_len': 545, 'vectorize_technique': 'other-sequence'}",/zine/data/salud/vih_phepipe//tokens/20250701_033154,attention_v146.h5,"{'embedding_dim': 800, 'units': 64, 'dropout': 0.2, 'epochs': 30, 'batch_size': 128}",0.5,0.7194662094116211,0.0,0.0,0.0,0.0,0.0,0.0,180,545
2025-07-01 03:31:54,"['', 'icd']",2,one-hot,"{'max_len': 545, 'n_feature': 568}",/zine/data/salud/vih_phepipe/tokens/20250701_033154,logistic_v7.pkl,"{'penalties': 'l2', 'max_iter': 1000}",0.5166666666666667,N/A,1.0,0.014,0.028,1.0,0.033,0.065,180,545
2025-07-01 03:35:07,"['', 'icd']",2,keras-vectorizer,"{'max_tokens': 1000, 'max_len': 730, 'vectorize_technique': 'other-sequence'}",/zine/data/salud/vih_phepipe//tokens/20250701_033507,attention_v147.h5,"{'embedding_dim': 300, 'units': 64, 'dropout': 0.2, 'epochs': 30, 'batch_size': 128}",0.5,0.7283714413642883,0.0,0.0,0.0,0.0,0.0,0.0,180,730
2025-07-01 03:35:07,"['', 'icd']",2,keras-vectorizer,"{'max_tokens': 1000, 'max_len': 730, 'vectorize_technique': 'other-sequence'}",/zine/data/salud/vih_phepipe//tokens/20250701_033507,attention_v148.h5,"{'embedding_dim': 400, 'units': 64, 'dropout': 0.2, 'epochs': 30, 'batch_size': 128}",0.5,0.7247052192687988,0.0,0.0,0.0,0.0,0.0,0.0,180,730
2025-07-01 03:35:07,"['', 'icd']",2,keras-vectorizer,"{'max_tokens': 1000, 'max_len': 730, 'vectorize_technique': 'other-sequence'}",/zine/data/salud/vih_phepipe//tokens/20250701_033507,attention_v149.h5,"{'embedding_dim': 500, 'units': 64, 'dropout': 0.2, 'epochs': 30, 'batch_size': 128}",0.5,0.7239769697189331,0.0,0.0,0.0,0.0,0.0,0.0,180,730
2025-07-01 03:35:07,"['', 'icd']",2,keras-vectorizer,"{'max_tokens': 1000, 'max_len': 730, 'vectorize_technique': 'other-sequence'}",/zine/data/salud/vih_phepipe//tokens/20250701_033507,attention_v150.h5,"{'embedding_dim': 600, 'units': 64, 'dropout': 0.2, 'epochs': 30, 'batch_size': 128}",0.5,0.718693733215332,0.0,0.0,0.0,0.0,0.0,0.0,180,730
2025-07-01 03:35:07,"['', 'icd']",2,keras-vectorizer,"{'max_tokens': 1000, 'max_len': 730, 'vectorize_technique': 'other-sequence'}",/zine/data/salud/vih_phepipe//tokens/20250701_033507,attention_v151.h5,"{'embedding_dim': 700, 'units': 64, 'dropout': 0.2, 'epochs': 30, 'batch_size': 128}",0.5,0.7223502397537231,0.0,0.0,0.0,0.0,0.0,0.0,180,730
2025-07-01 04:07:38,"['Disease or Syndrome', '']",2,keras-vectorizer,"{'max_tokens': 1000, 'max_len': 180, 'vectorize_technique': 'other-sequence'}",/zine/data/salud/vih_phepipe/tokens/20250701_040738,lstm_v152.h5,"{'embedding_dim': 100, 'block_layers': 1, 'hidden_units': 64, 'learning_rate': 0.001, 'epochs': 30, 'batch_size': 128}",0.5,0.7300314903259277,0.0,0.0,0.0,0.0,0.0,0.0,180,180
2025-07-01 04:07:38,"['Disease or Syndrome', '']",2,keras-vectorizer,"{'max_tokens': 1000, 'max_len': 180, 'vectorize_technique': 'other-sequence'}",/zine/data/salud/vih_phepipe/tokens/20250701_040738,lstm_v153.h5,"{'embedding_dim': 200, 'block_layers': 1, 'hidden_units': 64, 'learning_rate': 0.001, 'epochs': 30, 'batch_size': 128}",0.5,0.7005712389945984,0.0,0.0,0.0,0.0,0.0,0.0,180,180
2025-07-01 04:07:38,"['Disease or Syndrome', '']",2,keras-vectorizer,"{'max_tokens': 1000, 'max_len': 180, 'vectorize_technique': 'other-sequence'}",/zine/data/salud/vih_phepipe/tokens/20250701_040738,lstm_v154.h5,"{'embedding_dim': 300, 'block_layers': 1, 'hidden_units': 64, 'learning_rate': 0.001, 'epochs': 30, 'batch_size': 128}",0.5,0.7075331807136536,0.0,0.0,0.0,0.0,0.0,0.0,180,180
2025-07-01 04:07:38,"['Disease or Syndrome', '']",2,keras-vectorizer,"{'max_tokens': 1000, 'max_len': 180, 'vectorize_technique': 'other-sequence'}",/zine/data/salud/vih_phepipe/tokens/20250701_040738,lstm_v155.h5,"{'embedding_dim': 400, 'block_layers': 1, 'hidden_units': 64, 'learning_rate': 0.001, 'epochs': 30, 'batch_size': 128}",0.5,0.7025895714759827,0.0,0.0,0.0,0.0,0.0,0.0,180,180
2025-07-01 03:35:07,"['', 'icd']",2,keras-vectorizer,"{'max_tokens': 1000, 'max_len': 730, 'vectorize_technique': 'other-sequence'}",/zine/data/salud/vih_phepipe//tokens/20250701_033507,attention_v156.h5,"{'embedding_dim': 800, 'units': 64, 'dropout': 0.2, 'epochs': 30, 'batch_size': 128}",0.5,0.7296293377876282,0.0,0.0,0.0,0.0,0.0,0.0,180,730
2025-07-01 04:07:38,"['Disease or Syndrome', '']",2,keras-vectorizer,"{'max_tokens': 1000, 'max_len': 180, 'vectorize_technique': 'other-sequence'}",/zine/data/salud/vih_phepipe/tokens/20250701_040738,lstm_v157.h5,"{'embedding_dim': 500, 'block_layers': 1, 'hidden_units': 64, 'learning_rate': 0.001, 'epochs': 30, 'batch_size': 128}",0.7323943376541138,0.4578409194946289,0.939,0.478,0.634,0.971,0.479,0.642,180,180
2025-07-01 03:35:07,"['', 'icd']",2,one-hot,"{'max_len': 730, 'n_feature': 577}",/zine/data/salud/vih_phepipe/tokens/20250701_033507,logistic_v8.pkl,"{'penalties': 'l2', 'max_iter': 1000}",0.5,N/A,0.0,0.0,0.0,0.0,0.0,0.0,180,730
2025-07-01 04:09:18,"['Disease or Syndrome', '']",2,keras-vectorizer,"{'max_tokens': 1000, 'max_len': 365, 'vectorize_technique': 'other-sequence'}",/zine/data/salud/vih_phepipe/tokens/20250701_040918,lstm_v158.h5,"{'embedding_dim': 100, 'block_layers': 1, 'hidden_units': 64, 'learning_rate': 0.001, 'epochs': 30, 'batch_size': 128}",0.5,0.721535325050354,0.0,0.0,0.0,0.0,0.0,0.0,180,365
2025-07-01 04:09:18,"['Disease or Syndrome', '']",2,keras-vectorizer,"{'max_tokens': 1000, 'max_len': 365, 'vectorize_technique': 'other-sequence'}",/zine/data/salud/vih_phepipe/tokens/20250701_040918,lstm_v159.h5,"{'embedding_dim': 200, 'block_layers': 1, 'hidden_units': 64, 'learning_rate': 0.001, 'epochs': 30, 'batch_size': 128}",0.5,0.7145616412162781,0.0,0.0,0.0,0.0,0.0,0.0,180,365
2025-07-01 04:07:38,"['Disease or Syndrome', '']",2,keras-vectorizer,"{'max_tokens': 1000, 'max_len': 180, 'vectorize_technique': 'other-sequence'}",/zine/data/salud/vih_phepipe/tokens/20250701_040738,lstm_v160.h5,"{'embedding_dim': 600, 'block_layers': 1, 'hidden_units': 64, 'learning_rate': 0.001, 'epochs': 30, 'batch_size': 128}",0.7605633735656738,0.4353910982608795,0.975,0.491,0.653,1.0,0.521,0.685,180,180
2025-07-01 04:09:18,"['Disease or Syndrome', '']",2,keras-vectorizer,"{'max_tokens': 1000, 'max_len': 365, 'vectorize_technique': 'other-sequence'}",/zine/data/salud/vih_phepipe/tokens/20250701_040918,lstm_v161.h5,"{'embedding_dim': 300, 'block_layers': 1, 'hidden_units': 64, 'learning_rate': 0.001, 'epochs': 30, 'batch_size': 128}",0.5,0.7212710976600647,0.0,0.0,0.0,0.0,0.0,0.0,180,365
2025-07-01 04:07:38,"['Disease or Syndrome', '']",2,keras-vectorizer,"{'max_tokens': 1000, 'max_len': 180, 'vectorize_technique': 'other-sequence'}",/zine/data/salud/vih_phepipe/tokens/20250701_040738,lstm_v162.h5,"{'embedding_dim': 700, 'block_layers': 1, 'hidden_units': 64, 'learning_rate': 0.001, 'epochs': 30, 'batch_size': 128}",0.5,nan,0.0,0.0,0.0,0.0,0.0,0.0,180,180
2025-07-01 04:09:18,"['Disease or Syndrome', '']",2,keras-vectorizer,"{'max_tokens': 1000, 'max_len': 365, 'vectorize_technique': 'other-sequence'}",/zine/data/salud/vih_phepipe/tokens/20250701_040918,lstm_v163.h5,"{'embedding_dim': 400, 'block_layers': 1, 'hidden_units': 64, 'learning_rate': 0.001, 'epochs': 30, 'batch_size': 128}",0.5116279125213623,0.7038649916648865,1.0,0.025,0.049,1.0,0.023,0.045,180,365
2025-07-01 04:10:54,"['Disease or Syndrome', '']",2,keras-vectorizer,"{'max_tokens': 1000, 'max_len': 545, 'vectorize_technique': 'other-sequence'}",/zine/data/salud/vih_phepipe/tokens/20250701_041054,lstm_v164.h5,"{'embedding_dim': 100, 'block_layers': 1, 'hidden_units': 64, 'learning_rate': 0.001, 'epochs': 30, 'batch_size': 128}",0.5,0.7096737623214722,0.0,0.0,0.0,0.0,0.0,0.0,180,545
2025-07-01 04:10:54,"['Disease or Syndrome', '']",2,keras-vectorizer,"{'max_tokens': 1000, 'max_len': 545, 'vectorize_technique': 'other-sequence'}",/zine/data/salud/vih_phepipe/tokens/20250701_041054,lstm_v165.h5,"{'embedding_dim': 200, 'block_layers': 1, 'hidden_units': 64, 'learning_rate': 0.001, 'epochs': 30, 'batch_size': 128}",0.5,0.6976028680801392,0.0,0.0,0.0,0.0,0.0,0.0,180,545
2025-07-01 04:07:38,"['Disease or Syndrome', '']",2,keras-vectorizer,"{'max_tokens': 1000, 'max_len': 180, 'vectorize_technique': 'other-sequence'}",/zine/data/salud/vih_phepipe/tokens/20250701_040738,lstm_v166.h5,"{'embedding_dim': 800, 'block_layers': 1, 'hidden_units': 64, 'learning_rate': 0.001, 'epochs': 30, 'batch_size': 128}",0.7042253613471985,0.5708091855049133,0.952,0.373,0.536,1.0,0.408,0.58,180,180
2025-07-01 04:09:18,"['Disease or Syndrome', '']",2,keras-vectorizer,"{'max_tokens': 1000, 'max_len': 365, 'vectorize_technique': 'other-sequence'}",/zine/data/salud/vih_phepipe/tokens/20250701_040918,lstm_v167.h5,"{'embedding_dim': 500, 'block_layers': 1, 'hidden_units': 64, 'learning_rate': 0.001, 'epochs': 30, 'batch_size': 128}",0.5,nan,0.0,0.0,0.0,0.0,0.0,0.0,180,365
2025-07-01 04:07:38,"['Disease or Syndrome', '']",2,keras-vectorizer,"{'max_tokens': 1000, 'max_len': 180, 'vectorize_technique': 'other-sequence'}",/zine/data/salud/vih_phepipe//tokens/20250701_040738,attention_v168.h5,"{'embedding_dim': 100, 'units': 64, 'dropout': 0.2, 'epochs': 30, 'batch_size': 128}",0.5,0.7203754186630249,0.0,0.0,0.0,0.0,0.0,0.0,180,180
2025-07-01 04:07:38,"['Disease or Syndrome', '']",2,keras-vectorizer,"{'max_tokens': 1000, 'max_len': 180, 'vectorize_technique': 'other-sequence'}",/zine/data/salud/vih_phepipe//tokens/20250701_040738,attention_v169.h5,"{'embedding_dim': 200, 'units': 64, 'dropout': 0.2, 'epochs': 30, 'batch_size': 128}",0.5,0.7242984771728516,0.0,0.0,0.0,0.0,0.0,0.0,180,180
2025-07-01 04:10:54,"['Disease or Syndrome', '']",2,keras-vectorizer,"{'max_tokens': 1000, 'max_len': 545, 'vectorize_technique': 'other-sequence'}",/zine/data/salud/vih_phepipe/tokens/20250701_041054,lstm_v170.h5,"{'embedding_dim': 300, 'block_layers': 1, 'hidden_units': 64, 'learning_rate': 0.001, 'epochs': 30, 'batch_size': 128}",0.5,nan,0.0,0.0,0.0,0.0,0.0,0.0,180,545
2025-07-01 04:12:15,"['Disease or Syndrome', '']",2,keras-vectorizer,"{'max_tokens': 1000, 'max_len': 730, 'vectorize_technique': 'other-sequence'}",/zine/data/salud/vih_phepipe/tokens/20250701_041215,lstm_v171.h5,"{'embedding_dim': 100, 'block_layers': 1, 'hidden_units': 64, 'learning_rate': 0.001, 'epochs': 30, 'batch_size': 128}",0.5,0.7094882726669312,0.0,0.0,0.0,0.0,0.0,0.0,180,730
2025-07-01 04:07:38,"['Disease or Syndrome', '']",2,keras-vectorizer,"{'max_tokens': 1000, 'max_len': 180, 'vectorize_technique': 'other-sequence'}",/zine/data/salud/vih_phepipe//tokens/20250701_040738,attention_v172.h5,"{'embedding_dim': 300, 'units': 64, 'dropout': 0.2, 'epochs': 30, 'batch_size': 128}",0.5,0.7423534393310547,0.0,0.0,0.0,0.0,0.0,0.0,180,180
2025-07-01 04:12:15,"['Disease or Syndrome', '']",2,keras-vectorizer,"{'max_tokens': 1000, 'max_len': 730, 'vectorize_technique': 'other-sequence'}",/zine/data/salud/vih_phepipe/tokens/20250701_041215,lstm_v173.h5,"{'embedding_dim': 200, 'block_layers': 1, 'hidden_units': 64, 'learning_rate': 0.001, 'epochs': 30, 'batch_size': 128}",0.5,0.717299222946167,0.0,0.0,0.0,0.0,0.0,0.0,180,730
2025-07-01 04:07:38,"['Disease or Syndrome', '']",2,keras-vectorizer,"{'max_tokens': 1000, 'max_len': 180, 'vectorize_technique': 'other-sequence'}",/zine/data/salud/vih_phepipe//tokens/20250701_040738,attention_v174.h5,"{'embedding_dim': 400, 'units': 64, 'dropout': 0.2, 'epochs': 30, 'batch_size': 128}",0.5,0.7298554182052612,0.0,0.0,0.0,0.0,0.0,0.0,180,180
2025-07-01 04:10:54,"['Disease or Syndrome', '']",2,keras-vectorizer,"{'max_tokens': 1000, 'max_len': 545, 'vectorize_technique': 'other-sequence'}",/zine/data/salud/vih_phepipe/tokens/20250701_041054,lstm_v175.h5,"{'embedding_dim': 400, 'block_layers': 1, 'hidden_units': 64, 'learning_rate': 0.001, 'epochs': 30, 'batch_size': 128}",0.5,nan,0.0,0.0,0.0,0.0,0.0,0.0,180,545
2025-07-01 04:09:18,"['Disease or Syndrome', '']",2,keras-vectorizer,"{'max_tokens': 1000, 'max_len': 365, 'vectorize_technique': 'other-sequence'}",/zine/data/salud/vih_phepipe/tokens/20250701_040918,lstm_v176.h5,"{'embedding_dim': 600, 'block_layers': 1, 'hidden_units': 64, 'learning_rate': 0.001, 'epochs': 30, 'batch_size': 128}",0.5,nan,0.0,0.0,0.0,0.0,0.0,0.0,180,365
2025-07-01 04:07:38,"['Disease or Syndrome', '']",2,keras-vectorizer,"{'max_tokens': 1000, 'max_len': 180, 'vectorize_technique': 'other-sequence'}",/zine/data/salud/vih_phepipe//tokens/20250701_040738,attention_v177.h5,"{'embedding_dim': 500, 'units': 64, 'dropout': 0.2, 'epochs': 30, 'batch_size': 128}",0.5,0.7431690096855164,0.0,0.0,0.0,0.0,0.0,0.0,180,180
2025-07-01 04:12:15,"['Disease or Syndrome', '']",2,keras-vectorizer,"{'max_tokens': 1000, 'max_len': 730, 'vectorize_technique': 'other-sequence'}",/zine/data/salud/vih_phepipe/tokens/20250701_041215,lstm_v178.h5,"{'embedding_dim': 300, 'block_layers': 1, 'hidden_units': 64, 'learning_rate': 0.001, 'epochs': 30, 'batch_size': 128}",0.5,nan,0.0,0.0,0.0,0.0,0.0,0.0,180,730
2025-07-01 04:07:38,"['Disease or Syndrome', '']",2,keras-vectorizer,"{'max_tokens': 1000, 'max_len': 180, 'vectorize_technique': 'other-sequence'}",/zine/data/salud/vih_phepipe//tokens/20250701_040738,attention_v179.h5,"{'embedding_dim': 600, 'units': 64, 'dropout': 0.2, 'epochs': 30, 'batch_size': 128}",0.5,0.7281769514083862,0.0,0.0,0.0,0.0,0.0,0.0,180,180
2025-07-01 04:10:54,"['Disease or Syndrome', '']",2,keras-vectorizer,"{'max_tokens': 1000, 'max_len': 545, 'vectorize_technique': 'other-sequence'}",/zine/data/salud/vih_phepipe/tokens/20250701_041054,lstm_v180.h5,"{'embedding_dim': 500, 'block_layers': 1, 'hidden_units': 64, 'learning_rate': 0.001, 'epochs': 30, 'batch_size': 128}",0.5,nan,0.0,0.0,0.0,0.0,0.0,0.0,180,545
2025-07-01 04:07:38,"['Disease or Syndrome', '']",2,keras-vectorizer,"{'max_tokens': 1000, 'max_len': 180, 'vectorize_technique': 'other-sequence'}",/zine/data/salud/vih_phepipe//tokens/20250701_040738,attention_v181.h5,"{'embedding_dim': 700, 'units': 64, 'dropout': 0.2, 'epochs': 30, 'batch_size': 128}",0.5,0.7242111563682556,0.0,0.0,0.0,0.0,0.0,0.0,180,180
2025-07-01 04:09:18,"['Disease or Syndrome', '']",2,keras-vectorizer,"{'max_tokens': 1000, 'max_len': 365, 'vectorize_technique': 'other-sequence'}",/zine/data/salud/vih_phepipe/tokens/20250701_040918,lstm_v182.h5,"{'embedding_dim': 700, 'block_layers': 1, 'hidden_units': 64, 'learning_rate': 0.001, 'epochs': 30, 'batch_size': 128}",0.5,nan,0.0,0.0,0.0,0.0,0.0,0.0,180,365
2025-07-01 04:12:15,"['Disease or Syndrome', '']",2,keras-vectorizer,"{'max_tokens': 1000, 'max_len': 730, 'vectorize_technique': 'other-sequence'}",/zine/data/salud/vih_phepipe/tokens/20250701_041215,lstm_v183.h5,"{'embedding_dim': 400, 'block_layers': 1, 'hidden_units': 64, 'learning_rate': 0.001, 'epochs': 30, 'batch_size': 128}",0.5,nan,0.0,0.0,0.0,0.0,0.0,0.0,180,730
2025-07-01 04:07:38,"['Disease or Syndrome', '']",2,keras-vectorizer,"{'max_tokens': 1000, 'max_len': 180, 'vectorize_technique': 'other-sequence'}",/zine/data/salud/vih_phepipe//tokens/20250701_040738,attention_v184.h5,"{'embedding_dim': 800, 'units': 64, 'dropout': 0.2, 'epochs': 30, 'batch_size': 128}",0.5,0.7234194278717041,0.0,0.0,0.0,0.0,0.0,0.0,180,180
2025-07-01 04:07:38,"['Disease or Syndrome', '']",2,one-hot,"{'max_len': 180, 'n_feature': 194}",/zine/data/salud/vih_phepipe/tokens/20250701_040738,logistic_v9.pkl,"{'penalties': 'l2', 'max_iter': 1000}",0.795774647887324,N/A,0.956,0.54,0.69,1.0,0.592,0.743,180,180
2025-07-01 04:10:54,"['Disease or Syndrome', '']",2,keras-vectorizer,"{'max_tokens': 1000, 'max_len': 545, 'vectorize_technique': 'other-sequence'}",/zine/data/salud/vih_phepipe/tokens/20250701_041054,lstm_v185.h5,"{'embedding_dim': 600, 'block_layers': 1, 'hidden_units': 64, 'learning_rate': 0.001, 'epochs': 30, 'batch_size': 128}",0.5,nan,0.0,0.0,0.0,0.0,0.0,0.0,180,545
2025-07-01 04:09:18,"['Disease or Syndrome', '']",2,keras-vectorizer,"{'max_tokens': 1000, 'max_len': 365, 'vectorize_technique': 'other-sequence'}",/zine/data/salud/vih_phepipe/tokens/20250701_040918,lstm_v186.h5,"{'embedding_dim': 800, 'block_layers': 1, 'hidden_units': 64, 'learning_rate': 0.001, 'epochs': 30, 'batch_size': 128}",0.5,nan,0.0,0.0,0.0,0.0,0.0,0.0,180,365
2025-07-01 04:12:15,"['Disease or Syndrome', '']",2,keras-vectorizer,"{'max_tokens': 1000, 'max_len': 730, 'vectorize_technique': 'other-sequence'}",/zine/data/salud/vih_phepipe/tokens/20250701_041215,lstm_v187.h5,"{'embedding_dim': 500, 'block_layers': 1, 'hidden_units': 64, 'learning_rate': 0.001, 'epochs': 30, 'batch_size': 128}",0.5,nan,0.0,0.0,0.0,0.0,0.0,0.0,180,730
2025-07-01 04:10:54,"['Disease or Syndrome', '']",2,keras-vectorizer,"{'max_tokens': 1000, 'max_len': 545, 'vectorize_technique': 'other-sequence'}",/zine/data/salud/vih_phepipe/tokens/20250701_041054,lstm_v188.h5,"{'embedding_dim': 700, 'block_layers': 1, 'hidden_units': 64, 'learning_rate': 0.001, 'epochs': 30, 'batch_size': 128}",0.5,nan,0.0,0.0,0.0,0.0,0.0,0.0,180,545
2025-07-01 04:09:18,"['Disease or Syndrome', '']",2,keras-vectorizer,"{'max_tokens': 1000, 'max_len': 365, 'vectorize_technique': 'other-sequence'}",/zine/data/salud/vih_phepipe//tokens/20250701_040918,attention_v189.h5,"{'embedding_dim': 100, 'units': 64, 'dropout': 0.2, 'epochs': 30, 'batch_size': 128}",0.5,0.7342374324798584,0.0,0.0,0.0,0.0,0.0,0.0,180,365
2025-07-01 04:09:18,"['Disease or Syndrome', '']",2,keras-vectorizer,"{'max_tokens': 1000, 'max_len': 365, 'vectorize_technique': 'other-sequence'}",/zine/data/salud/vih_phepipe//tokens/20250701_040918,attention_v190.h5,"{'embedding_dim': 200, 'units': 64, 'dropout': 0.2, 'epochs': 30, 'batch_size': 128}",0.5,0.7219831943511963,0.0,0.0,0.0,0.0,0.0,0.0,180,365
2025-07-01 04:10:54,"['Disease or Syndrome', '']",2,keras-vectorizer,"{'max_tokens': 1000, 'max_len': 545, 'vectorize_technique': 'other-sequence'}",/zine/data/salud/vih_phepipe/tokens/20250701_041054,lstm_v191.h5,"{'embedding_dim': 800, 'block_layers': 1, 'hidden_units': 64, 'learning_rate': 0.001, 'epochs': 30, 'batch_size': 128}",0.5,nan,0.0,0.0,0.0,0.0,0.0,0.0,180,545
2025-07-01 04:12:15,"['Disease or Syndrome', '']",2,keras-vectorizer,"{'max_tokens': 1000, 'max_len': 730, 'vectorize_technique': 'other-sequence'}",/zine/data/salud/vih_phepipe/tokens/20250701_041215,lstm_v192.h5,"{'embedding_dim': 600, 'block_layers': 1, 'hidden_units': 64, 'learning_rate': 0.001, 'epochs': 30, 'batch_size': 128}",0.5,nan,0.0,0.0,0.0,0.0,0.0,0.0,180,730
2025-07-01 04:10:54,"['Disease or Syndrome', '']",2,keras-vectorizer,"{'max_tokens': 1000, 'max_len': 545, 'vectorize_technique': 'other-sequence'}",/zine/data/salud/vih_phepipe//tokens/20250701_041054,attention_v193.h5,"{'embedding_dim': 100, 'units': 64, 'dropout': 0.2, 'epochs': 30, 'batch_size': 128}",0.5,0.7313657999038696,0.0,0.0,0.0,0.0,0.0,0.0,180,545
2025-07-01 04:09:18,"['Disease or Syndrome', '']",2,keras-vectorizer,"{'max_tokens': 1000, 'max_len': 365, 'vectorize_technique': 'other-sequence'}",/zine/data/salud/vih_phepipe//tokens/20250701_040918,attention_v194.h5,"{'embedding_dim': 300, 'units': 64, 'dropout': 0.2, 'epochs': 30, 'batch_size': 128}",0.5,0.7353364825248718,0.0,0.0,0.0,0.0,0.0,0.0,180,365
2025-07-01 04:10:54,"['Disease or Syndrome', '']",2,keras-vectorizer,"{'max_tokens': 1000, 'max_len': 545, 'vectorize_technique': 'other-sequence'}",/zine/data/salud/vih_phepipe//tokens/20250701_041054,attention_v195.h5,"{'embedding_dim': 200, 'units': 64, 'dropout': 0.2, 'epochs': 30, 'batch_size': 128}",0.5,0.7334759831428528,0.0,0.0,0.0,0.0,0.0,0.0,180,545
2025-07-01 04:09:18,"['Disease or Syndrome', '']",2,keras-vectorizer,"{'max_tokens': 1000, 'max_len': 365, 'vectorize_technique': 'other-sequence'}",/zine/data/salud/vih_phepipe//tokens/20250701_040918,attention_v196.h5,"{'embedding_dim': 400, 'units': 64, 'dropout': 0.2, 'epochs': 30, 'batch_size': 128}",0.5,0.7251473069190979,0.0,0.0,0.0,0.0,0.0,0.0,180,365
2025-07-01 04:12:15,"['Disease or Syndrome', '']",2,keras-vectorizer,"{'max_tokens': 1000, 'max_len': 730, 'vectorize_technique': 'other-sequence'}",/zine/data/salud/vih_phepipe/tokens/20250701_041215,lstm_v197.h5,"{'embedding_dim': 700, 'block_layers': 1, 'hidden_units': 64, 'learning_rate': 0.001, 'epochs': 30, 'batch_size': 128}",0.5,nan,0.0,0.0,0.0,0.0,0.0,0.0,180,730
2025-07-01 04:09:18,"['Disease or Syndrome', '']",2,keras-vectorizer,"{'max_tokens': 1000, 'max_len': 365, 'vectorize_technique': 'other-sequence'}",/zine/data/salud/vih_phepipe//tokens/20250701_040918,attention_v198.h5,"{'embedding_dim': 500, 'units': 64, 'dropout': 0.2, 'epochs': 30, 'batch_size': 128}",0.5,0.7268838882446289,0.0,0.0,0.0,0.0,0.0,0.0,180,365
2025-07-01 04:10:54,"['Disease or Syndrome', '']",2,keras-vectorizer,"{'max_tokens': 1000, 'max_len': 545, 'vectorize_technique': 'other-sequence'}",/zine/data/salud/vih_phepipe//tokens/20250701_041054,attention_v199.h5,"{'embedding_dim': 300, 'units': 64, 'dropout': 0.2, 'epochs': 30, 'batch_size': 128}",0.5,0.7373297810554504,0.0,0.0,0.0,0.0,0.0,0.0,180,545
2025-07-01 04:12:15,"['Disease or Syndrome', '']",2,keras-vectorizer,"{'max_tokens': 1000, 'max_len': 730, 'vectorize_technique': 'other-sequence'}",/zine/data/salud/vih_phepipe/tokens/20250701_041215,lstm_v200.h5,"{'embedding_dim': 800, 'block_layers': 1, 'hidden_units': 64, 'learning_rate': 0.001, 'epochs': 30, 'batch_size': 128}",0.5,nan,0.0,0.0,0.0,0.0,0.0,0.0,180,730
2025-07-01 04:09:18,"['Disease or Syndrome', '']",2,keras-vectorizer,"{'max_tokens': 1000, 'max_len': 365, 'vectorize_technique': 'other-sequence'}",/zine/data/salud/vih_phepipe//tokens/20250701_040918,attention_v201.h5,"{'embedding_dim': 600, 'units': 64, 'dropout': 0.2, 'epochs': 30, 'batch_size': 128}",0.5,0.7283602356910706,0.0,0.0,0.0,0.0,0.0,0.0,180,365
2025-07-01 04:10:54,"['Disease or Syndrome', '']",2,keras-vectorizer,"{'max_tokens': 1000, 'max_len': 545, 'vectorize_technique': 'other-sequence'}",/zine/data/salud/vih_phepipe//tokens/20250701_041054,attention_v202.h5,"{'embedding_dim': 400, 'units': 64, 'dropout': 0.2, 'epochs': 30, 'batch_size': 128}",0.5,0.7202240228652954,0.0,0.0,0.0,0.0,0.0,0.0,180,545
2025-07-01 04:12:15,"['Disease or Syndrome', '']",2,keras-vectorizer,"{'max_tokens': 1000, 'max_len': 730, 'vectorize_technique': 'other-sequence'}",/zine/data/salud/vih_phepipe//tokens/20250701_041215,attention_v203.h5,"{'embedding_dim': 100, 'units': 64, 'dropout': 0.2, 'epochs': 30, 'batch_size': 128}",0.5,0.7272095680236816,0.0,0.0,0.0,0.0,0.0,0.0,180,730
2025-07-01 04:09:18,"['Disease or Syndrome', '']",2,keras-vectorizer,"{'max_tokens': 1000, 'max_len': 365, 'vectorize_technique': 'other-sequence'}",/zine/data/salud/vih_phepipe//tokens/20250701_040918,attention_v204.h5,"{'embedding_dim': 700, 'units': 64, 'dropout': 0.2, 'epochs': 30, 'batch_size': 128}",0.5,0.7196597456932068,0.0,0.0,0.0,0.0,0.0,0.0,180,365
2025-07-01 04:10:54,"['Disease or Syndrome', '']",2,keras-vectorizer,"{'max_tokens': 1000, 'max_len': 545, 'vectorize_technique': 'other-sequence'}",/zine/data/salud/vih_phepipe//tokens/20250701_041054,attention_v205.h5,"{'embedding_dim': 500, 'units': 64, 'dropout': 0.2, 'epochs': 30, 'batch_size': 128}",0.5,0.7278137803077698,0.0,0.0,0.0,0.0,0.0,0.0,180,545
2025-07-01 04:09:18,"['Disease or Syndrome', '']",2,keras-vectorizer,"{'max_tokens': 1000, 'max_len': 365, 'vectorize_technique': 'other-sequence'}",/zine/data/salud/vih_phepipe//tokens/20250701_040918,attention_v206.h5,"{'embedding_dim': 800, 'units': 64, 'dropout': 0.2, 'epochs': 30, 'batch_size': 128}",0.5,0.7098276615142822,0.0,0.0,0.0,0.0,0.0,0.0,180,365
2025-07-01 04:12:15,"['Disease or Syndrome', '']",2,keras-vectorizer,"{'max_tokens': 1000, 'max_len': 730, 'vectorize_technique': 'other-sequence'}",/zine/data/salud/vih_phepipe//tokens/20250701_041215,attention_v207.h5,"{'embedding_dim': 200, 'units': 64, 'dropout': 0.2, 'epochs': 30, 'batch_size': 128}",0.5,0.7270479202270508,0.0,0.0,0.0,0.0,0.0,0.0,180,730
2025-07-01 04:10:54,"['Disease or Syndrome', '']",2,keras-vectorizer,"{'max_tokens': 1000, 'max_len': 545, 'vectorize_technique': 'other-sequence'}",/zine/data/salud/vih_phepipe//tokens/20250701_041054,attention_v208.h5,"{'embedding_dim': 600, 'units': 64, 'dropout': 0.2, 'epochs': 30, 'batch_size': 128}",0.5,0.7254796624183655,0.0,0.0,0.0,0.0,0.0,0.0,180,545
2025-07-01 04:09:18,"['Disease or Syndrome', '']",2,one-hot,"{'max_len': 365, 'n_feature': 299}",/zine/data/salud/vih_phepipe/tokens/20250701_040918,logistic_v10.pkl,"{'penalties': 'l2', 'max_iter': 1000}",0.7732558139534884,N/A,1.0,0.587,0.74,1.0,0.547,0.707,180,365
2025-07-01 04:10:54,"['Disease or Syndrome', '']",2,keras-vectorizer,"{'max_tokens': 1000, 'max_len': 545, 'vectorize_technique': 'other-sequence'}",/zine/data/salud/vih_phepipe//tokens/20250701_041054,attention_v209.h5,"{'embedding_dim': 700, 'units': 64, 'dropout': 0.2, 'epochs': 30, 'batch_size': 128}",0.5,0.7338215112686157,0.0,0.0,0.0,0.0,0.0,0.0,180,545
2025-07-01 04:12:15,"['Disease or Syndrome', '']",2,keras-vectorizer,"{'max_tokens': 1000, 'max_len': 730, 'vectorize_technique': 'other-sequence'}",/zine/data/salud/vih_phepipe//tokens/20250701_041215,attention_v210.h5,"{'embedding_dim': 300, 'units': 64, 'dropout': 0.2, 'epochs': 30, 'batch_size': 128}",0.5,0.7212255001068115,0.0,0.0,0.0,0.0,0.0,0.0,180,730
2025-07-01 04:10:54,"['Disease or Syndrome', '']",2,keras-vectorizer,"{'max_tokens': 1000, 'max_len': 545, 'vectorize_technique': 'other-sequence'}",/zine/data/salud/vih_phepipe//tokens/20250701_041054,attention_v211.h5,"{'embedding_dim': 800, 'units': 64, 'dropout': 0.2, 'epochs': 30, 'batch_size': 128}",0.5,0.7306855320930481,0.0,0.0,0.0,0.0,0.0,0.0,180,545
2025-07-01 04:12:15,"['Disease or Syndrome', '']",2,keras-vectorizer,"{'max_tokens': 1000, 'max_len': 730, 'vectorize_technique': 'other-sequence'}",/zine/data/salud/vih_phepipe//tokens/20250701_041215,attention_v212.h5,"{'embedding_dim': 400, 'units': 64, 'dropout': 0.2, 'epochs': 30, 'batch_size': 128}",0.5,0.7268525958061218,0.0,0.0,0.0,0.0,0.0,0.0,180,730
2025-07-01 04:10:54,"['Disease or Syndrome', '']",2,one-hot,"{'max_len': 545, 'n_feature': 330}",/zine/data/salud/vih_phepipe/tokens/20250701_041054,logistic_v11.pkl,"{'penalties': 'l2', 'max_iter': 1000}",0.8055555555555556,N/A,0.985,0.646,0.78,1.0,0.611,0.759,180,545
2025-07-01 04:32:38,"['Disease or Syndrome', 'icd']",2,keras-vectorizer,"{'max_tokens': 1000, 'max_len': 180, 'vectorize_technique': 'other-sequence'}",/zine/data/salud/vih_phepipe/tokens/20250701_043238,lstm_v213.h5,"{'embedding_dim': 100, 'block_layers': 1, 'hidden_units': 64, 'learning_rate': 0.001, 'epochs': 30, 'batch_size': 128}",0.5,0.7119721174240112,0.0,0.0,0.0,0.0,0.0,0.0,180,180
2025-07-01 04:32:38,"['Disease or Syndrome', 'icd']",2,keras-vectorizer,"{'max_tokens': 1000, 'max_len': 180, 'vectorize_technique': 'other-sequence'}",/zine/data/salud/vih_phepipe/tokens/20250701_043238,lstm_v214.h5,"{'embedding_dim': 200, 'block_layers': 1, 'hidden_units': 64, 'learning_rate': 0.001, 'epochs': 30, 'batch_size': 128}",0.5,58897834442752.0,0.363,1.0,0.532,0.5,1.0,0.667,180,180
2025-07-01 04:32:38,"['Disease or Syndrome', 'icd']",2,keras-vectorizer,"{'max_tokens': 1000, 'max_len': 180, 'vectorize_technique': 'other-sequence'}",/zine/data/salud/vih_phepipe/tokens/20250701_043238,lstm_v215.h5,"{'embedding_dim': 300, 'block_layers': 1, 'hidden_units': 64, 'learning_rate': 0.001, 'epochs': 30, 'batch_size': 128}",0.9295774698257446,0.2109762728214264,0.953,0.888,0.92,0.984,0.873,0.925,180,180
2025-07-01 04:12:15,"['Disease or Syndrome', '']",2,keras-vectorizer,"{'max_tokens': 1000, 'max_len': 730, 'vectorize_technique': 'other-sequence'}",/zine/data/salud/vih_phepipe//tokens/20250701_041215,attention_v216.h5,"{'embedding_dim': 500, 'units': 64, 'dropout': 0.2, 'epochs': 30, 'batch_size': 128}",0.5,0.7264305949211121,0.0,0.0,0.0,0.0,0.0,0.0,180,730
2025-07-01 04:33:56,"['Disease or Syndrome', 'icd']",2,keras-vectorizer,"{'max_tokens': 1000, 'max_len': 365, 'vectorize_technique': 'other-sequence'}",/zine/data/salud/vih_phepipe/tokens/20250701_043356,lstm_v217.h5,"{'embedding_dim': 100, 'block_layers': 1, 'hidden_units': 64, 'learning_rate': 0.001, 'epochs': 30, 'batch_size': 128}",0.5,nan,0.0,0.0,0.0,0.0,0.0,0.0,180,365
2025-07-01 04:32:38,"['Disease or Syndrome', 'icd']",2,keras-vectorizer,"{'max_tokens': 1000, 'max_len': 180, 'vectorize_technique': 'other-sequence'}",/zine/data/salud/vih_phepipe/tokens/20250701_043238,lstm_v218.h5,"{'embedding_dim': 400, 'block_layers': 1, 'hidden_units': 64, 'learning_rate': 0.001, 'epochs': 30, 'batch_size': 128}",0.922535240650177,0.16744323074817657,0.948,0.901,0.924,0.969,0.873,0.919,180,180
2025-07-01 04:32:38,"['Disease or Syndrome', 'icd']",2,keras-vectorizer,"{'max_tokens': 1000, 'max_len': 180, 'vectorize_technique': 'other-sequence'}",/zine/data/salud/vih_phepipe/tokens/20250701_043238,lstm_v219.h5,"{'embedding_dim': 500, 'block_layers': 1, 'hidden_units': 64, 'learning_rate': 0.001, 'epochs': 30, 'batch_size': 128}",0.5,nan,0.0,0.0,0.0,0.0,0.0,0.0,180,180
2025-07-01 04:33:56,"['Disease or Syndrome', 'icd']",2,keras-vectorizer,"{'max_tokens': 1000, 'max_len': 365, 'vectorize_technique': 'other-sequence'}",/zine/data/salud/vih_phepipe/tokens/20250701_043356,lstm_v220.h5,"{'embedding_dim': 200, 'block_layers': 1, 'hidden_units': 64, 'learning_rate': 0.001, 'epochs': 30, 'batch_size': 128}",0.5,nan,0.0,0.0,0.0,0.0,0.0,0.0,180,365
2025-07-01 04:35:02,"['Disease or Syndrome', 'icd']",2,keras-vectorizer,"{'max_tokens': 1000, 'max_len': 545, 'vectorize_technique': 'other-sequence'}",/zine/data/salud/vih_phepipe/tokens/20250701_043502,lstm_v221.h5,"{'embedding_dim': 100, 'block_layers': 1, 'hidden_units': 64, 'learning_rate': 0.001, 'epochs': 30, 'batch_size': 128}",0.5,nan,0.0,0.0,0.0,0.0,0.0,0.0,180,545
2025-07-01 04:35:02,"['Disease or Syndrome', 'icd']",2,keras-vectorizer,"{'max_tokens': 1000, 'max_len': 545, 'vectorize_technique': 'other-sequence'}",/zine/data/salud/vih_phepipe/tokens/20250701_043502,lstm_v222.h5,"{'embedding_dim': 200, 'block_layers': 1, 'hidden_units': 64, 'learning_rate': 0.001, 'epochs': 30, 'batch_size': 128}",0.5,nan,0.0,0.0,0.0,0.0,0.0,0.0,180,545
2025-07-01 04:32:38,"['Disease or Syndrome', 'icd']",2,keras-vectorizer,"{'max_tokens': 1000, 'max_len': 180, 'vectorize_technique': 'other-sequence'}",/zine/data/salud/vih_phepipe/tokens/20250701_043238,lstm_v223.h5,"{'embedding_dim': 600, 'block_layers': 1, 'hidden_units': 64, 'learning_rate': 0.001, 'epochs': 30, 'batch_size': 128}",0.9507042169570923,0.1312609165906906,0.926,0.932,0.929,0.971,0.93,0.95,180,180
2025-07-01 04:36:01,"['Disease or Syndrome', 'icd']",2,keras-vectorizer,"{'max_tokens': 1000, 'max_len': 730, 'vectorize_technique': 'other-sequence'}",/zine/data/salud/vih_phepipe/tokens/20250701_043601,lstm_v224.h5,"{'embedding_dim': 100, 'block_layers': 1, 'hidden_units': 64, 'learning_rate': 0.001, 'epochs': 30, 'batch_size': 128}",0.5,nan,0.0,0.0,0.0,0.0,0.0,0.0,180,730
2025-07-01 04:32:38,"['Disease or Syndrome', 'icd']",2,keras-vectorizer,"{'max_tokens': 1000, 'max_len': 180, 'vectorize_technique': 'other-sequence'}",/zine/data/salud/vih_phepipe/tokens/20250701_043238,lstm_v225.h5,"{'embedding_dim': 700, 'block_layers': 1, 'hidden_units': 64, 'learning_rate': 0.001, 'epochs': 30, 'batch_size': 128}",0.5,nan,0.0,0.0,0.0,0.0,0.0,0.0,180,180
2025-07-01 04:33:56,"['Disease or Syndrome', 'icd']",2,keras-vectorizer,"{'max_tokens': 1000, 'max_len': 365, 'vectorize_technique': 'other-sequence'}",/zine/data/salud/vih_phepipe/tokens/20250701_043356,lstm_v226.h5,"{'embedding_dim': 300, 'block_layers': 1, 'hidden_units': 64, 'learning_rate': 0.001, 'epochs': 30, 'batch_size': 128}",0.930232584476471,0.17638447880744934,0.983,0.851,0.912,0.987,0.872,0.926,180,365
2025-07-01 04:12:15,"['Disease or Syndrome', '']",2,keras-vectorizer,"{'max_tokens': 1000, 'max_len': 730, 'vectorize_technique': 'other-sequence'}",/zine/data/salud/vih_phepipe//tokens/20250701_041215,attention_v227.h5,"{'embedding_dim': 600, 'units': 64, 'dropout': 0.2, 'epochs': 30, 'batch_size': 128}",0.5,0.7210959196090698,0.0,0.0,0.0,0.0,0.0,0.0,180,730
2025-07-01 04:35:02,"['Disease or Syndrome', 'icd']",2,keras-vectorizer,"{'max_tokens': 1000, 'max_len': 545, 'vectorize_technique': 'other-sequence'}",/zine/data/salud/vih_phepipe/tokens/20250701_043502,lstm_v228.h5,"{'embedding_dim': 300, 'block_layers': 1, 'hidden_units': 64, 'learning_rate': 0.001, 'epochs': 30, 'batch_size': 128}",0.5,nan,0.0,0.0,0.0,0.0,0.0,0.0,180,545
2025-07-01 04:33:56,"['Disease or Syndrome', 'icd']",2,keras-vectorizer,"{'max_tokens': 1000, 'max_len': 365, 'vectorize_technique': 'other-sequence'}",/zine/data/salud/vih_phepipe/tokens/20250701_043356,lstm_v229.h5,"{'embedding_dim': 400, 'block_layers': 1, 'hidden_units': 64, 'learning_rate': 0.001, 'epochs': 30, 'batch_size': 128}",0.5,nan,0.0,0.0,0.0,0.0,0.0,0.0,180,365
2025-07-01 04:32:38,"['Disease or Syndrome', 'icd']",2,keras-vectorizer,"{'max_tokens': 1000, 'max_len': 180, 'vectorize_technique': 'other-sequence'}",/zine/data/salud/vih_phepipe/tokens/20250701_043238,lstm_v230.h5,"{'embedding_dim': 800, 'block_layers': 1, 'hidden_units': 64, 'learning_rate': 0.001, 'epochs': 30, 'batch_size': 128}",0.5,nan,0.0,0.0,0.0,0.0,0.0,0.0,180,180
2025-07-01 04:35:02,"['Disease or Syndrome', 'icd']",2,keras-vectorizer,"{'max_tokens': 1000, 'max_len': 545, 'vectorize_technique': 'other-sequence'}",/zine/data/salud/vih_phepipe/tokens/20250701_043502,lstm_v231.h5,"{'embedding_dim': 400, 'block_layers': 1, 'hidden_units': 64, 'learning_rate': 0.001, 'epochs': 30, 'batch_size': 128}",0.5,nan,0.0,0.0,0.0,0.0,0.0,0.0,180,545
2025-07-01 04:32:38,"['Disease or Syndrome', 'icd']",2,keras-vectorizer,"{'max_tokens': 1000, 'max_len': 180, 'vectorize_technique': 'other-sequence'}",/zine/data/salud/vih_phepipe//tokens/20250701_043238,attention_v232.h5,"{'embedding_dim': 100, 'units': 64, 'dropout': 0.2, 'epochs': 30, 'batch_size': 128}",0.5,0.718286395072937,0.0,0.0,0.0,0.0,0.0,0.0,180,180
2025-07-01 04:32:38,"['Disease or Syndrome', 'icd']",2,keras-vectorizer,"{'max_tokens': 1000, 'max_len': 180, 'vectorize_technique': 'other-sequence'}",/zine/data/salud/vih_phepipe//tokens/20250701_043238,attention_v233.h5,"{'embedding_dim': 200, 'units': 64, 'dropout': 0.2, 'epochs': 30, 'batch_size': 128}",0.5,0.7235557436943054,0.0,0.0,0.0,0.0,0.0,0.0,180,180
2025-07-01 04:36:01,"['Disease or Syndrome', 'icd']",2,keras-vectorizer,"{'max_tokens': 1000, 'max_len': 730, 'vectorize_technique': 'other-sequence'}",/zine/data/salud/vih_phepipe/tokens/20250701_043601,lstm_v234.h5,"{'embedding_dim': 200, 'block_layers': 1, 'hidden_units': 64, 'learning_rate': 0.001, 'epochs': 30, 'batch_size': 128}",0.9945054650306702,0.029416855424642563,0.981,0.981,0.981,0.989,1.0,0.995,180,730
2025-07-01 04:32:38,"['Disease or Syndrome', 'icd']",2,keras-vectorizer,"{'max_tokens': 1000, 'max_len': 180, 'vectorize_technique': 'other-sequence'}",/zine/data/salud/vih_phepipe//tokens/20250701_043238,attention_v235.h5,"{'embedding_dim': 300, 'units': 64, 'dropout': 0.2, 'epochs': 30, 'batch_size': 128}",0.5,0.7270221710205078,0.0,0.0,0.0,0.0,0.0,0.0,180,180
2025-07-01 04:12:15,"['Disease or Syndrome', '']",2,keras-vectorizer,"{'max_tokens': 1000, 'max_len': 730, 'vectorize_technique': 'other-sequence'}",/zine/data/salud/vih_phepipe//tokens/20250701_041215,attention_v236.h5,"{'embedding_dim': 700, 'units': 64, 'dropout': 0.2, 'epochs': 30, 'batch_size': 128}",0.5,0.7379809617996216,0.0,0.0,0.0,0.0,0.0,0.0,180,730
2025-07-01 04:35:02,"['Disease or Syndrome', 'icd']",2,keras-vectorizer,"{'max_tokens': 1000, 'max_len': 545, 'vectorize_technique': 'other-sequence'}",/zine/data/salud/vih_phepipe/tokens/20250701_043502,lstm_v237.h5,"{'embedding_dim': 500, 'block_layers': 1, 'hidden_units': 64, 'learning_rate': 0.001, 'epochs': 30, 'batch_size': 128}",0.5,nan,0.0,0.0,0.0,0.0,0.0,0.0,180,545
2025-07-01 04:32:38,"['Disease or Syndrome', 'icd']",2,keras-vectorizer,"{'max_tokens': 1000, 'max_len': 180, 'vectorize_technique': 'other-sequence'}",/zine/data/salud/vih_phepipe//tokens/20250701_043238,attention_v238.h5,"{'embedding_dim': 400, 'units': 64, 'dropout': 0.2, 'epochs': 30, 'batch_size': 128}",0.5,0.7354750037193298,0.0,0.0,0.0,0.0,0.0,0.0,180,180
2025-07-01 04:33:56,"['Disease or Syndrome', 'icd']",2,keras-vectorizer,"{'max_tokens': 1000, 'max_len': 365, 'vectorize_technique': 'other-sequence'}",/zine/data/salud/vih_phepipe/tokens/20250701_043356,lstm_v239.h5,"{'embedding_dim': 500, 'block_layers': 1, 'hidden_units': 64, 'learning_rate': 0.001, 'epochs': 30, 'batch_size': 128}",0.9651162624359131,0.0841689258813858,0.97,0.96,0.965,0.955,0.977,0.966,180,365
2025-07-01 04:32:38,"['Disease or Syndrome', 'icd']",2,keras-vectorizer,"{'max_tokens': 1000, 'max_len': 180, 'vectorize_technique': 'other-sequence'}",/zine/data/salud/vih_phepipe//tokens/20250701_043238,attention_v240.h5,"{'embedding_dim': 500, 'units': 64, 'dropout': 0.2, 'epochs': 30, 'batch_size': 128}",0.5,0.7273898720741272,0.0,0.0,0.0,0.0,0.0,0.0,180,180
2025-07-01 04:35:02,"['Disease or Syndrome', 'icd']",2,keras-vectorizer,"{'max_tokens': 1000, 'max_len': 545, 'vectorize_technique': 'other-sequence'}",/zine/data/salud/vih_phepipe/tokens/20250701_043502,lstm_v241.h5,"{'embedding_dim': 600, 'block_layers': 1, 'hidden_units': 64, 'learning_rate': 0.001, 'epochs': 30, 'batch_size': 128}",0.5,nan,0.0,0.0,0.0,0.0,0.0,0.0,180,545
2025-07-01 04:36:01,"['Disease or Syndrome', 'icd']",2,keras-vectorizer,"{'max_tokens': 1000, 'max_len': 730, 'vectorize_technique': 'other-sequence'}",/zine/data/salud/vih_phepipe/tokens/20250701_043601,lstm_v242.h5,"{'embedding_dim': 300, 'block_layers': 1, 'hidden_units': 64, 'learning_rate': 0.001, 'epochs': 30, 'batch_size': 128}",0.5,nan,0.0,0.0,0.0,0.0,0.0,0.0,180,730
2025-07-01 04:32:38,"['Disease or Syndrome', 'icd']",2,keras-vectorizer,"{'max_tokens': 1000, 'max_len': 180, 'vectorize_technique': 'other-sequence'}",/zine/data/salud/vih_phepipe//tokens/20250701_043238,attention_v243.h5,"{'embedding_dim': 600, 'units': 64, 'dropout': 0.2, 'epochs': 30, 'batch_size': 128}",0.5,0.7259577512741089,0.0,0.0,0.0,0.0,0.0,0.0,180,180
2025-07-01 04:33:56,"['Disease or Syndrome', 'icd']",2,keras-vectorizer,"{'max_tokens': 1000, 'max_len': 365, 'vectorize_technique': 'other-sequence'}",/zine/data/salud/vih_phepipe/tokens/20250701_043356,lstm_v244.h5,"{'embedding_dim': 600, 'block_layers': 1, 'hidden_units': 64, 'learning_rate': 0.001, 'epochs': 30, 'batch_size': 128}",0.5,nan,0.0,0.0,0.0,0.0,0.0,0.0,180,365
2025-07-01 04:32:38,"['Disease or Syndrome', 'icd']",2,keras-vectorizer,"{'max_tokens': 1000, 'max_len': 180, 'vectorize_technique': 'other-sequence'}",/zine/data/salud/vih_phepipe//tokens/20250701_043238,attention_v245.h5,"{'embedding_dim': 700, 'units': 64, 'dropout': 0.2, 'epochs': 30, 'batch_size': 128}",0.5,0.7278469800949097,0.0,0.0,0.0,0.0,0.0,0.0,180,180
2025-07-01 04:12:15,"['Disease or Syndrome', '']",2,keras-vectorizer,"{'max_tokens': 1000, 'max_len': 730, 'vectorize_technique': 'other-sequence'}",/zine/data/salud/vih_phepipe//tokens/20250701_041215,attention_v246.h5,"{'embedding_dim': 800, 'units': 64, 'dropout': 0.2, 'epochs': 30, 'batch_size': 128}",0.5,0.7260109186172485,0.0,0.0,0.0,0.0,0.0,0.0,180,730
2025-07-01 04:36:01,"['Disease or Syndrome', 'icd']",2,keras-vectorizer,"{'max_tokens': 1000, 'max_len': 730, 'vectorize_technique': 'other-sequence'}",/zine/data/salud/vih_phepipe/tokens/20250701_043601,lstm_v247.h5,"{'embedding_dim': 400, 'block_layers': 1, 'hidden_units': 64, 'learning_rate': 0.001, 'epochs': 30, 'batch_size': 128}",0.5,nan,0.0,0.0,0.0,0.0,0.0,0.0,180,730
2025-07-01 04:35:02,"['Disease or Syndrome', 'icd']",2,keras-vectorizer,"{'max_tokens': 1000, 'max_len': 545, 'vectorize_technique': 'other-sequence'}",/zine/data/salud/vih_phepipe/tokens/20250701_043502,lstm_v248.h5,"{'embedding_dim': 700, 'block_layers': 1, 'hidden_units': 64, 'learning_rate': 0.001, 'epochs': 30, 'batch_size': 128}",0.5,nan,0.0,0.0,0.0,0.0,0.0,0.0,180,545
2025-07-01 04:12:15,"['Disease or Syndrome', '']",2,one-hot,"{'max_len': 730, 'n_feature': 348}",/zine/data/salud/vih_phepipe/tokens/20250701_041215,logistic_v12.pkl,"{'penalties': 'l2', 'max_iter': 1000}",0.7967032967032966,N/A,0.974,0.69,0.808,0.966,0.615,0.752,180,730
2025-07-01 04:32:38,"['Disease or Syndrome', 'icd']",2,keras-vectorizer,"{'max_tokens': 1000, 'max_len': 180, 'vectorize_technique': 'other-sequence'}",/zine/data/salud/vih_phepipe//tokens/20250701_043238,attention_v249.h5,"{'embedding_dim': 800, 'units': 64, 'dropout': 0.2, 'epochs': 30, 'batch_size': 128}",0.5,0.7335749864578247,0.0,0.0,0.0,0.0,0.0,0.0,180,180
2025-07-01 04:32:38,"['Disease or Syndrome', 'icd']",2,one-hot,"{'max_len': 180, 'n_feature': 422}",/zine/data/salud/vih_phepipe/tokens/20250701_043238,logistic_v13.pkl,"{'penalties': 'l2', 'max_iter': 1000}",0.5,N/A,0.0,0.0,0.0,0.0,0.0,0.0,180,180
2025-07-01 04:36:01,"['Disease or Syndrome', 'icd']",2,keras-vectorizer,"{'max_tokens': 1000, 'max_len': 730, 'vectorize_technique': 'other-sequence'}",/zine/data/salud/vih_phepipe/tokens/20250701_043601,lstm_v250.h5,"{'embedding_dim': 500, 'block_layers': 1, 'hidden_units': 64, 'learning_rate': 0.001, 'epochs': 30, 'batch_size': 128}",0.5,nan,0.0,0.0,0.0,0.0,0.0,0.0,180,730
2025-07-01 04:35:02,"['Disease or Syndrome', 'icd']",2,keras-vectorizer,"{'max_tokens': 1000, 'max_len': 545, 'vectorize_technique': 'other-sequence'}",/zine/data/salud/vih_phepipe/tokens/20250701_043502,lstm_v251.h5,"{'embedding_dim': 800, 'block_layers': 1, 'hidden_units': 64, 'learning_rate': 0.001, 'epochs': 30, 'batch_size': 128}",0.5,nan,0.0,0.0,0.0,0.0,0.0,0.0,180,545
2025-07-01 04:33:56,"['Disease or Syndrome', 'icd']",2,keras-vectorizer,"{'max_tokens': 1000, 'max_len': 365, 'vectorize_technique': 'other-sequence'}",/zine/data/salud/vih_phepipe/tokens/20250701_043356,lstm_v252.h5,"{'embedding_dim': 700, 'block_layers': 1, 'hidden_units': 64, 'learning_rate': 0.001, 'epochs': 30, 'batch_size': 128}",0.9825581312179565,0.05010131746530533,0.985,0.975,0.98,1.0,0.965,0.982,180,365
2025-07-01 04:35:02,"['Disease or Syndrome', 'icd']",2,keras-vectorizer,"{'max_tokens': 1000, 'max_len': 545, 'vectorize_technique': 'other-sequence'}",/zine/data/salud/vih_phepipe//tokens/20250701_043502,attention_v253.h5,"{'embedding_dim': 100, 'units': 64, 'dropout': 0.2, 'epochs': 30, 'batch_size': 128}",0.5,0.7244840264320374,0.0,0.0,0.0,0.0,0.0,0.0,180,545
2025-07-01 04:36:01,"['Disease or Syndrome', 'icd']",2,keras-vectorizer,"{'max_tokens': 1000, 'max_len': 730, 'vectorize_technique': 'other-sequence'}",/zine/data/salud/vih_phepipe/tokens/20250701_043601,lstm_v254.h5,"{'embedding_dim': 600, 'block_layers': 1, 'hidden_units': 64, 'learning_rate': 0.001, 'epochs': 30, 'batch_size': 128}",0.5,nan,0.0,0.0,0.0,0.0,0.0,0.0,180,730
2025-07-01 04:33:56,"['Disease or Syndrome', 'icd']",2,keras-vectorizer,"{'max_tokens': 1000, 'max_len': 365, 'vectorize_technique': 'other-sequence'}",/zine/data/salud/vih_phepipe/tokens/20250701_043356,lstm_v255.h5,"{'embedding_dim': 800, 'block_layers': 1, 'hidden_units': 64, 'learning_rate': 0.001, 'epochs': 30, 'batch_size': 128}",0.5,nan,0.0,0.0,0.0,0.0,0.0,0.0,180,365
2025-07-01 04:35:02,"['Disease or Syndrome', 'icd']",2,keras-vectorizer,"{'max_tokens': 1000, 'max_len': 545, 'vectorize_technique': 'other-sequence'}",/zine/data/salud/vih_phepipe//tokens/20250701_043502,attention_v256.h5,"{'embedding_dim': 200, 'units': 64, 'dropout': 0.2, 'epochs': 30, 'batch_size': 128}",0.5,0.7274844646453857,0.0,0.0,0.0,0.0,0.0,0.0,180,545
2025-07-01 04:33:56,"['Disease or Syndrome', 'icd']",2,keras-vectorizer,"{'max_tokens': 1000, 'max_len': 365, 'vectorize_technique': 'other-sequence'}",/zine/data/salud/vih_phepipe//tokens/20250701_043356,attention_v257.h5,"{'embedding_dim': 100, 'units': 64, 'dropout': 0.2, 'epochs': 30, 'batch_size': 128}",0.5,0.7275686264038086,0.0,0.0,0.0,0.0,0.0,0.0,180,365
2025-07-01 04:33:56,"['Disease or Syndrome', 'icd']",2,keras-vectorizer,"{'max_tokens': 1000, 'max_len': 365, 'vectorize_technique': 'other-sequence'}",/zine/data/salud/vih_phepipe//tokens/20250701_043356,attention_v258.h5,"{'embedding_dim': 200, 'units': 64, 'dropout': 0.2, 'epochs': 30, 'batch_size': 128}",0.5,0.7234901189804077,0.0,0.0,0.0,0.0,0.0,0.0,180,365
2025-07-01 04:35:02,"['Disease or Syndrome', 'icd']",2,keras-vectorizer,"{'max_tokens': 1000, 'max_len': 545, 'vectorize_technique': 'other-sequence'}",/zine/data/salud/vih_phepipe//tokens/20250701_043502,attention_v259.h5,"{'embedding_dim': 300, 'units': 64, 'dropout': 0.2, 'epochs': 30, 'batch_size': 128}",0.5,0.7212028503417969,0.0,0.0,0.0,0.0,0.0,0.0,180,545
2025-07-01 04:33:56,"['Disease or Syndrome', 'icd']",2,keras-vectorizer,"{'max_tokens': 1000, 'max_len': 365, 'vectorize_technique': 'other-sequence'}",/zine/data/salud/vih_phepipe//tokens/20250701_043356,attention_v260.h5,"{'embedding_dim': 300, 'units': 64, 'dropout': 0.2, 'epochs': 30, 'batch_size': 128}",0.5,0.7184507846832275,0.0,0.0,0.0,0.0,0.0,0.0,180,365
2025-07-01 04:35:02,"['Disease or Syndrome', 'icd']",2,keras-vectorizer,"{'max_tokens': 1000, 'max_len': 545, 'vectorize_technique': 'other-sequence'}",/zine/data/salud/vih_phepipe//tokens/20250701_043502,attention_v261.h5,"{'embedding_dim': 400, 'units': 64, 'dropout': 0.2, 'epochs': 30, 'batch_size': 128}",0.5,0.7343292236328125,0.0,0.0,0.0,0.0,0.0,0.0,180,545
2025-07-01 04:33:56,"['Disease or Syndrome', 'icd']",2,keras-vectorizer,"{'max_tokens': 1000, 'max_len': 365, 'vectorize_technique': 'other-sequence'}",/zine/data/salud/vih_phepipe//tokens/20250701_043356,attention_v262.h5,"{'embedding_dim': 400, 'units': 64, 'dropout': 0.2, 'epochs': 30, 'batch_size': 128}",0.5,0.722112774848938,0.0,0.0,0.0,0.0,0.0,0.0,180,365
2025-07-01 04:36:01,"['Disease or Syndrome', 'icd']",2,keras-vectorizer,"{'max_tokens': 1000, 'max_len': 730, 'vectorize_technique': 'other-sequence'}",/zine/data/salud/vih_phepipe/tokens/20250701_043601,lstm_v263.h5,"{'embedding_dim': 700, 'block_layers': 1, 'hidden_units': 64, 'learning_rate': 0.001, 'epochs': 30, 'batch_size': 128}",0.9945054650306702,0.02732698805630207,0.981,0.981,0.981,0.989,1.0,0.995,180,730
2025-07-01 04:35:02,"['Disease or Syndrome', 'icd']",2,keras-vectorizer,"{'max_tokens': 1000, 'max_len': 545, 'vectorize_technique': 'other-sequence'}",/zine/data/salud/vih_phepipe//tokens/20250701_043502,attention_v264.h5,"{'embedding_dim': 500, 'units': 64, 'dropout': 0.2, 'epochs': 30, 'batch_size': 128}",0.5,0.7319042682647705,0.0,0.0,0.0,0.0,0.0,0.0,180,545
2025-07-01 04:33:56,"['Disease or Syndrome', 'icd']",2,keras-vectorizer,"{'max_tokens': 1000, 'max_len': 365, 'vectorize_technique': 'other-sequence'}",/zine/data/salud/vih_phepipe//tokens/20250701_043356,attention_v265.h5,"{'embedding_dim': 500, 'units': 64, 'dropout': 0.2, 'epochs': 30, 'batch_size': 128}",0.5,0.7226260900497437,0.0,0.0,0.0,0.0,0.0,0.0,180,365
2025-07-01 04:36:01,"['Disease or Syndrome', 'icd']",2,keras-vectorizer,"{'max_tokens': 1000, 'max_len': 730, 'vectorize_technique': 'other-sequence'}",/zine/data/salud/vih_phepipe/tokens/20250701_043601,lstm_v266.h5,"{'embedding_dim': 800, 'block_layers': 1, 'hidden_units': 64, 'learning_rate': 0.001, 'epochs': 30, 'batch_size': 128}",0.5,nan,0.0,0.0,0.0,0.0,0.0,0.0,180,730
2025-07-01 04:35:02,"['Disease or Syndrome', 'icd']",2,keras-vectorizer,"{'max_tokens': 1000, 'max_len': 545, 'vectorize_technique': 'other-sequence'}",/zine/data/salud/vih_phepipe//tokens/20250701_043502,attention_v267.h5,"{'embedding_dim': 600, 'units': 64, 'dropout': 0.2, 'epochs': 30, 'batch_size': 128}",0.5,0.7195191979408264,0.0,0.0,0.0,0.0,0.0,0.0,180,545
2025-07-01 04:36:01,"['Disease or Syndrome', 'icd']",2,keras-vectorizer,"{'max_tokens': 1000, 'max_len': 730, 'vectorize_technique': 'other-sequence'}",/zine/data/salud/vih_phepipe//tokens/20250701_043601,attention_v268.h5,"{'embedding_dim': 100, 'units': 64, 'dropout': 0.2, 'epochs': 30, 'batch_size': 128}",0.5,0.7209048271179199,0.0,0.0,0.0,0.0,0.0,0.0,180,730
2025-07-01 04:33:56,"['Disease or Syndrome', 'icd']",2,keras-vectorizer,"{'max_tokens': 1000, 'max_len': 365, 'vectorize_technique': 'other-sequence'}",/zine/data/salud/vih_phepipe//tokens/20250701_043356,attention_v269.h5,"{'embedding_dim': 600, 'units': 64, 'dropout': 0.2, 'epochs': 30, 'batch_size': 128}",0.5,0.7217250466346741,0.0,0.0,0.0,0.0,0.0,0.0,180,365
2025-07-01 04:35:02,"['Disease or Syndrome', 'icd']",2,keras-vectorizer,"{'max_tokens': 1000, 'max_len': 545, 'vectorize_technique': 'other-sequence'}",/zine/data/salud/vih_phepipe//tokens/20250701_043502,attention_v270.h5,"{'embedding_dim': 700, 'units': 64, 'dropout': 0.2, 'epochs': 30, 'batch_size': 128}",0.5,0.7198148965835571,0.0,0.0,0.0,0.0,0.0,0.0,180,545
2025-07-01 04:33:56,"['Disease or Syndrome', 'icd']",2,keras-vectorizer,"{'max_tokens': 1000, 'max_len': 365, 'vectorize_technique': 'other-sequence'}",/zine/data/salud/vih_phepipe//tokens/20250701_043356,attention_v271.h5,"{'embedding_dim': 700, 'units': 64, 'dropout': 0.2, 'epochs': 30, 'batch_size': 128}",0.5,0.7293005585670471,0.0,0.0,0.0,0.0,0.0,0.0,180,365
2025-07-01 04:35:02,"['Disease or Syndrome', 'icd']",2,keras-vectorizer,"{'max_tokens': 1000, 'max_len': 545, 'vectorize_technique': 'other-sequence'}",/zine/data/salud/vih_phepipe//tokens/20250701_043502,attention_v272.h5,"{'embedding_dim': 800, 'units': 64, 'dropout': 0.2, 'epochs': 30, 'batch_size': 128}",0.5,0.7310357093811035,0.0,0.0,0.0,0.0,0.0,0.0,180,545
2025-07-01 04:35:02,"['Disease or Syndrome', 'icd']",2,one-hot,"{'max_len': 545, 'n_feature': 570}",/zine/data/salud/vih_phepipe/tokens/20250701_043502,logistic_v14.pkl,"{'penalties': 'l2', 'max_iter': 1000}",0.5,N/A,1.0,0.01,0.019,0.0,0.0,0.0,180,545
2025-07-01 04:36:01,"['Disease or Syndrome', 'icd']",2,keras-vectorizer,"{'max_tokens': 1000, 'max_len': 730, 'vectorize_technique': 'other-sequence'}",/zine/data/salud/vih_phepipe//tokens/20250701_043601,attention_v273.h5,"{'embedding_dim': 200, 'units': 64, 'dropout': 0.2, 'epochs': 30, 'batch_size': 128}",0.5,0.7268885374069214,0.0,0.0,0.0,0.0,0.0,0.0,180,730
2025-07-01 04:33:56,"['Disease or Syndrome', 'icd']",2,keras-vectorizer,"{'max_tokens': 1000, 'max_len': 365, 'vectorize_technique': 'other-sequence'}",/zine/data/salud/vih_phepipe//tokens/20250701_043356,attention_v274.h5,"{'embedding_dim': 800, 'units': 64, 'dropout': 0.2, 'epochs': 30, 'batch_size': 128}",0.5,0.7351346611976624,0.0,0.0,0.0,0.0,0.0,0.0,180,365
2025-07-01 04:33:56,"['Disease or Syndrome', 'icd']",2,one-hot,"{'max_len': 365, 'n_feature': 543}",/zine/data/salud/vih_phepipe/tokens/20250701_043356,logistic_v15.pkl,"{'penalties': 'l2', 'max_iter': 1000}",0.5058139534883721,N/A,1.0,0.015,0.029,1.0,0.012,0.023,180,365
2025-07-01 04:36:01,"['Disease or Syndrome', 'icd']",2,keras-vectorizer,"{'max_tokens': 1000, 'max_len': 730, 'vectorize_technique': 'other-sequence'}",/zine/data/salud/vih_phepipe//tokens/20250701_043601,attention_v275.h5,"{'embedding_dim': 300, 'units': 64, 'dropout': 0.2, 'epochs': 30, 'batch_size': 128}",0.5,0.7253302335739136,0.0,0.0,0.0,0.0,0.0,0.0,180,730
2025-07-01 04:36:01,"['Disease or Syndrome', 'icd']",2,keras-vectorizer,"{'max_tokens': 1000, 'max_len': 730, 'vectorize_technique': 'other-sequence'}",/zine/data/salud/vih_phepipe//tokens/20250701_043601,attention_v276.h5,"{'embedding_dim': 400, 'units': 64, 'dropout': 0.2, 'epochs': 30, 'batch_size': 128}",0.5,0.7300496101379395,0.0,0.0,0.0,0.0,0.0,0.0,180,730
2025-07-01 04:36:01,"['Disease or Syndrome', 'icd']",2,keras-vectorizer,"{'max_tokens': 1000, 'max_len': 730, 'vectorize_technique': 'other-sequence'}",/zine/data/salud/vih_phepipe//tokens/20250701_043601,attention_v277.h5,"{'embedding_dim': 500, 'units': 64, 'dropout': 0.2, 'epochs': 30, 'batch_size': 128}",0.5,0.7282348275184631,0.0,0.0,0.0,0.0,0.0,0.0,180,730
2025-07-01 04:36:01,"['Disease or Syndrome', 'icd']",2,keras-vectorizer,"{'max_tokens': 1000, 'max_len': 730, 'vectorize_technique': 'other-sequence'}",/zine/data/salud/vih_phepipe//tokens/20250701_043601,attention_v278.h5,"{'embedding_dim': 600, 'units': 64, 'dropout': 0.2, 'epochs': 30, 'batch_size': 128}",0.5,0.721400260925293,0.0,0.0,0.0,0.0,0.0,0.0,180,730
2025-07-01 04:36:01,"['Disease or Syndrome', 'icd']",2,keras-vectorizer,"{'max_tokens': 1000, 'max_len': 730, 'vectorize_technique': 'other-sequence'}",/zine/data/salud/vih_phepipe//tokens/20250701_043601,attention_v279.h5,"{'embedding_dim': 700, 'units': 64, 'dropout': 0.2, 'epochs': 30, 'batch_size': 128}",0.5,0.7176010012626648,0.0,0.0,0.0,0.0,0.0,0.0,180,730
2025-07-01 04:36:01,"['Disease or Syndrome', 'icd']",2,keras-vectorizer,"{'max_tokens': 1000, 'max_len': 730, 'vectorize_technique': 'other-sequence'}",/zine/data/salud/vih_phepipe//tokens/20250701_043601,attention_v280.h5,"{'embedding_dim': 800, 'units': 64, 'dropout': 0.2, 'epochs': 30, 'batch_size': 128}",0.5,0.7287949919700623,0.0,0.0,0.0,0.0,0.0,0.0,180,730
2025-07-01 04:36:01,"['Disease or Syndrome', 'icd']",2,one-hot,"{'max_len': 730, 'n_feature': 578}",/zine/data/salud/vih_phepipe/tokens/20250701_043601,logistic_v16.pkl,"{'penalties': 'l2', 'max_iter': 1000}",0.5,N/A,0.0,0.0,0.0,0.0,0.0,0.0,180,730
